NumTree,QuestionId,Number_bridges_Of_Question_i,Gender,Age,Number_of_bridges,Delta_Learning_Minutes,depth,Accuracy,correct_model
2,1,2,Male,30,7,2.133333333,2,80,1
2,2,2,Male,30,7,2.133333333,2,80,1
2,3,2,Male,30,7,2.133333333,2,80,1
2,4,2,Male,30,7,2.133333333,2,80,1
2,5,2,Male,30,7,2.133333333,2,80,1
2,6,2,Male,30,7,2.133333333,2,80,0
2,7,2,Male,30,7,2.133333333,2,80,1
2,8,2,Male,30,7,2.133333333,2,80,1
2,9,2,Male,30,7,2.133333333,2,80,1
2,10,2,Male,30,7,2.133333333,2,80,1
2,11,2,Male,30,7,2.133333333,2,80,1
2,12,2,Male,30,7,2.133333333,2,80,1
2,1,2,Male,31,7,0.816666667,2,80,0
2,2,2,Male,31,7,0.816666667,2,80,1
2,3,2,Male,31,7,0.816666667,2,80,1
2,4,2,Male,31,7,0.816666667,2,80,1
2,5,2,Male,31,7,0.816666667,2,80,1
2,6,2,Male,31,7,0.816666667,2,80,1
2,7,2,Male,31,7,0.816666667,2,80,1
2,8,2,Male,31,7,0.816666667,2,80,1
2,9,2,Male,31,7,0.816666667,2,80,1
2,10,2,Male,31,7,0.816666667,2,80,0
2,11,2,Male,31,7,0.816666667,2,80,1
2,12,2,Male,31,7,0.816666667,2,80,0
2,1,2,Male,34,7,2.216666667,2,80,0
2,2,2,Male,34,7,2.216666667,2,80,0
2,3,2,Male,34,7,2.216666667,2,80,0
2,4,2,Male,34,7,2.216666667,2,80,1
2,5,2,Male,34,7,2.216666667,2,80,1
2,6,2,Male,34,7,2.216666667,2,80,0
2,7,2,Male,34,7,2.216666667,2,80,1
2,8,2,Male,34,7,2.216666667,2,80,0
2,9,2,Male,34,7,2.216666667,2,80,1
2,10,2,Male,34,7,2.216666667,2,80,0
2,11,2,Male,34,7,2.216666667,2,80,0
2,12,2,Male,34,7,2.216666667,2,80,1
2,1,2,Male,30,7,6.15,2,80,0
2,2,2,Male,30,7,6.15,2,80,1
2,3,2,Male,30,7,6.15,2,80,0
2,4,2,Male,30,7,6.15,2,80,1
2,5,2,Male,30,7,6.15,2,80,1
2,6,2,Male,30,7,6.15,2,80,1
2,7,2,Male,30,7,6.15,2,80,1
2,8,2,Male,30,7,6.15,2,80,1
2,9,2,Male,30,7,6.15,2,80,1
2,10,2,Male,30,7,6.15,2,80,0
2,11,2,Male,30,7,6.15,2,80,1
2,12,2,Male,30,7,6.15,2,80,1
2,1,2,Male,25,7,0.716666667,2,80,1
2,2,2,Male,25,7,0.716666667,2,80,1
2,3,2,Male,25,7,0.716666667,2,80,1
2,4,2,Male,25,7,0.716666667,2,80,0
2,5,2,Male,25,7,0.716666667,2,80,0
2,6,2,Male,25,7,0.716666667,2,80,1
2,7,2,Male,25,7,0.716666667,2,80,1
2,8,2,Male,25,7,0.716666667,2,80,0
2,9,2,Male,25,7,0.716666667,2,80,0
2,10,2,Male,25,7,0.716666667,2,80,0
2,11,2,Male,25,7,0.716666667,2,80,0
2,12,2,Male,25,7,0.716666667,2,80,0
2,1,2,Female,35,7,3.05,2,80,1
2,2,2,Female,35,7,3.05,2,80,1
2,3,2,Female,35,7,3.05,2,80,1
2,4,2,Female,35,7,3.05,2,80,1
2,5,2,Female,35,7,3.05,2,80,1
2,6,2,Female,35,7,3.05,2,80,1
2,7,2,Female,35,7,3.05,2,80,1
2,8,2,Female,35,7,3.05,2,80,1
2,9,2,Female,35,7,3.05,2,80,1
2,10,2,Female,35,7,3.05,2,80,1
2,11,2,Female,35,7,3.05,2,80,1
2,12,2,Female,35,7,3.05,2,80,1
2,1,2,Male,55,7,0.683333333,2,80,0
2,2,2,Male,55,7,0.683333333,2,80,0
2,3,2,Male,55,7,0.683333333,2,80,1
2,4,2,Male,55,7,0.683333333,2,80,0
2,5,2,Male,55,7,0.683333333,2,80,1
2,6,2,Male,55,7,0.683333333,2,80,1
2,7,2,Male,55,7,0.683333333,2,80,0
2,8,2,Male,55,7,0.683333333,2,80,0
2,9,2,Male,55,7,0.683333333,2,80,0
2,10,2,Male,55,7,0.683333333,2,80,1
2,11,2,Male,55,7,0.683333333,2,80,1
2,12,2,Male,55,7,0.683333333,2,80,0
2,1,2,Female,35,7,7.05,2,80,0
2,2,2,Female,35,7,7.05,2,80,1
2,3,2,Female,35,7,7.05,2,80,1
2,4,2,Female,35,7,7.05,2,80,0
2,5,2,Female,35,7,7.05,2,80,1
2,6,2,Female,35,7,7.05,2,80,0
2,7,2,Female,35,7,7.05,2,80,0
2,8,2,Female,35,7,7.05,2,80,0
2,9,2,Female,35,7,7.05,2,80,1
2,10,2,Female,35,7,7.05,2,80,0
2,11,2,Female,35,7,7.05,2,80,0
2,12,2,Female,35,7,7.05,2,80,1
2,1,2,Male,48,7,2.033333333,2,80,0
2,2,2,Male,48,7,2.033333333,2,80,1
2,3,2,Male,48,7,2.033333333,2,80,0
2,4,2,Male,48,7,2.033333333,2,80,1
2,5,2,Male,48,7,2.033333333,2,80,0
2,6,2,Male,48,7,2.033333333,2,80,1
2,7,2,Male,48,7,2.033333333,2,80,1
2,8,2,Male,48,7,2.033333333,2,80,0
2,9,2,Male,48,7,2.033333333,2,80,0
2,10,2,Male,48,7,2.033333333,2,80,1
2,11,2,Male,48,7,2.033333333,2,80,1
2,12,2,Male,48,7,2.033333333,2,80,1
2,1,2,Female,51,7,1.5,2,80,1
2,2,2,Female,51,7,1.5,2,80,1
2,3,2,Female,51,7,1.5,2,80,1
2,4,2,Female,51,7,1.5,2,80,1
2,5,2,Female,51,7,1.5,2,80,1
2,6,2,Female,51,7,1.5,2,80,1
2,7,2,Female,51,7,1.5,2,80,1
2,8,2,Female,51,7,1.5,2,80,1
2,9,2,Female,51,7,1.5,2,80,1
2,10,2,Female,51,7,1.5,2,80,1
2,11,2,Female,51,7,1.5,2,80,1
2,12,2,Female,51,7,1.5,2,80,1
2,1,2,Male,,7,0.683333333,2,80,1
2,2,2,Male,,7,0.683333333,2,80,1
2,3,2,Male,,7,0.683333333,2,80,1
2,4,2,Male,,7,0.683333333,2,80,0
2,5,2,Male,,7,0.683333333,2,80,0
2,6,2,Male,,7,0.683333333,2,80,0
2,7,2,Male,,7,0.683333333,2,80,0
2,8,2,Male,,7,0.683333333,2,80,0
2,9,2,Male,,7,0.683333333,2,80,1
2,10,2,Male,,7,0.683333333,2,80,1
2,11,2,Male,,7,0.683333333,2,80,1
2,12,2,Male,,7,0.683333333,2,80,1
2,1,2,Male,54,7,2.466666667,2,80,1
2,2,2,Male,54,7,2.466666667,2,80,1
2,3,2,Male,54,7,2.466666667,2,80,1
2,4,2,Male,54,7,2.466666667,2,80,1
2,5,2,Male,54,7,2.466666667,2,80,1
2,6,2,Male,54,7,2.466666667,2,80,1
2,7,2,Male,54,7,2.466666667,2,80,1
2,8,2,Male,54,7,2.466666667,2,80,1
2,9,2,Male,54,7,2.466666667,2,80,1
2,10,2,Male,54,7,2.466666667,2,80,1
2,11,2,Male,54,7,2.466666667,2,80,1
2,12,2,Male,54,7,2.466666667,2,80,1
2,1,2,Female,54,7,2.716666667,2,80,1
2,2,2,Female,54,7,2.716666667,2,80,1
2,3,2,Female,54,7,2.716666667,2,80,1
2,4,2,Female,54,7,2.716666667,2,80,0
2,5,2,Female,54,7,2.716666667,2,80,1
2,6,2,Female,54,7,2.716666667,2,80,1
2,7,2,Female,54,7,2.716666667,2,80,1
2,8,2,Female,54,7,2.716666667,2,80,1
2,9,2,Female,54,7,2.716666667,2,80,1
2,10,2,Female,54,7,2.716666667,2,80,1
2,11,2,Female,54,7,2.716666667,2,80,0
2,12,2,Female,54,7,2.716666667,2,80,1
2,1,2,Female,51,7,0.933333333,2,80,0
2,2,2,Female,51,7,0.933333333,2,80,1
2,3,2,Female,51,7,0.933333333,2,80,0
2,4,2,Female,51,7,0.933333333,2,80,0
2,5,2,Female,51,7,0.933333333,2,80,1
2,6,2,Female,51,7,0.933333333,2,80,1
2,7,2,Female,51,7,0.933333333,2,80,0
2,8,2,Female,51,7,0.933333333,2,80,1
2,9,2,Female,51,7,0.933333333,2,80,0
2,10,2,Female,51,7,0.933333333,2,80,1
2,11,2,Female,51,7,0.933333333,2,80,0
2,12,2,Female,51,7,0.933333333,2,80,0
2,1,2,Female,35,7,1.666666667,2,80,1
2,2,2,Female,35,7,1.666666667,2,80,1
2,3,2,Female,35,7,1.666666667,2,80,1
2,4,2,Female,35,7,1.666666667,2,80,1
2,5,2,Female,35,7,1.666666667,2,80,1
2,6,2,Female,35,7,1.666666667,2,80,1
2,7,2,Female,35,7,1.666666667,2,80,1
2,8,2,Female,35,7,1.666666667,2,80,1
2,9,2,Female,35,7,1.666666667,2,80,1
2,10,2,Female,35,7,1.666666667,2,80,1
2,11,2,Female,35,7,1.666666667,2,80,1
2,12,2,Female,35,7,1.666666667,2,80,1
2,1,2,Female,38,7,2.35,2,80,1
2,2,2,Female,38,7,2.35,2,80,1
2,3,2,Female,38,7,2.35,2,80,1
2,4,2,Female,38,7,2.35,2,80,1
2,5,2,Female,38,7,2.35,2,80,1
2,6,2,Female,38,7,2.35,2,80,1
2,7,2,Female,38,7,2.35,2,80,1
2,8,2,Female,38,7,2.35,2,80,1
2,9,2,Female,38,7,2.35,2,80,1
2,10,2,Female,38,7,2.35,2,80,1
2,11,2,Female,38,7,2.35,2,80,1
2,12,2,Female,38,7,2.35,2,80,1
2,1,2,Male,41,7,3.783333333,2,80,1
2,2,2,Male,41,7,3.783333333,2,80,1
2,3,2,Male,41,7,3.783333333,2,80,1
2,4,2,Male,41,7,3.783333333,2,80,1
2,5,2,Male,41,7,3.783333333,2,80,1
2,6,2,Male,41,7,3.783333333,2,80,1
2,7,2,Male,41,7,3.783333333,2,80,1
2,8,2,Male,41,7,3.783333333,2,80,1
2,9,2,Male,41,7,3.783333333,2,80,1
2,10,2,Male,41,7,3.783333333,2,80,1
2,11,2,Male,41,7,3.783333333,2,80,1
2,12,2,Male,41,7,3.783333333,2,80,1
2,1,2,Male,67,7,2.55,2,80,1
2,2,2,Male,67,7,2.55,2,80,1
2,3,2,Male,67,7,2.55,2,80,1
2,4,2,Male,67,7,2.55,2,80,1
2,5,2,Male,67,7,2.55,2,80,1
2,6,2,Male,67,7,2.55,2,80,0
2,7,2,Male,67,7,2.55,2,80,1
2,8,2,Male,67,7,2.55,2,80,1
2,9,2,Male,67,7,2.55,2,80,1
2,10,2,Male,67,7,2.55,2,80,1
2,11,2,Male,67,7,2.55,2,80,0
2,12,2,Male,67,7,2.55,2,80,0
2,1,2,Male,37,7,1.283333333,2,80,1
2,2,2,Male,37,7,1.283333333,2,80,0
2,3,2,Male,37,7,1.283333333,2,80,1
2,4,2,Male,37,7,1.283333333,2,80,1
2,5,2,Male,37,7,1.283333333,2,80,0
2,6,2,Male,37,7,1.283333333,2,80,1
2,7,2,Male,37,7,1.283333333,2,80,0
2,8,2,Male,37,7,1.283333333,2,80,0
2,9,2,Male,37,7,1.283333333,2,80,0
2,10,2,Male,37,7,1.283333333,2,80,1
2,11,2,Male,37,7,1.283333333,2,80,0
2,12,2,Male,37,7,1.283333333,2,80,0
2,1,2,Male,26,7,1.233333333,2,80,1
2,2,2,Male,26,7,1.233333333,2,80,1
2,3,2,Male,26,7,1.233333333,2,80,1
2,4,2,Male,26,7,1.233333333,2,80,1
2,5,2,Male,26,7,1.233333333,2,80,1
2,6,2,Male,26,7,1.233333333,2,80,1
2,7,2,Male,26,7,1.233333333,2,80,1
2,8,2,Male,26,7,1.233333333,2,80,1
2,9,2,Male,26,7,1.233333333,2,80,1
2,10,2,Male,26,7,1.233333333,2,80,1
2,11,2,Male,26,7,1.233333333,2,80,1
2,12,2,Male,26,7,1.233333333,2,80,1
2,1,2,Female,57,7,0.683333333,2,80,0
2,2,2,Female,57,7,0.683333333,2,80,1
2,3,2,Female,57,7,0.683333333,2,80,0
2,4,2,Female,57,7,0.683333333,2,80,0
2,5,2,Female,57,7,0.683333333,2,80,1
2,6,2,Female,57,7,0.683333333,2,80,0
2,7,2,Female,57,7,0.683333333,2,80,0
2,8,2,Female,57,7,0.683333333,2,80,0
2,9,2,Female,57,7,0.683333333,2,80,0
2,10,2,Female,57,7,0.683333333,2,80,0
2,11,2,Female,57,7,0.683333333,2,80,0
2,12,2,Female,57,7,0.683333333,2,80,1
2,1,2,Female,34,7,2.6,2,80,1
2,2,2,Female,34,7,2.6,2,80,1
2,3,2,Female,34,7,2.6,2,80,1
2,4,2,Female,34,7,2.6,2,80,1
2,5,2,Female,34,7,2.6,2,80,1
2,6,2,Female,34,7,2.6,2,80,1
2,7,2,Female,34,7,2.6,2,80,1
2,8,2,Female,34,7,2.6,2,80,1
2,9,2,Female,34,7,2.6,2,80,1
2,10,2,Female,34,7,2.6,2,80,1
2,11,2,Female,34,7,2.6,2,80,1
2,12,2,Female,34,7,2.6,2,80,1
2,1,2,Female,36,7,2.15,2,80,1
2,2,2,Female,36,7,2.15,2,80,1
2,3,2,Female,36,7,2.15,2,80,1
2,4,2,Female,36,7,2.15,2,80,0
2,5,2,Female,36,7,2.15,2,80,1
2,6,2,Female,36,7,2.15,2,80,1
2,7,2,Female,36,7,2.15,2,80,1
2,8,2,Female,36,7,2.15,2,80,1
2,9,2,Female,36,7,2.15,2,80,1
2,10,2,Female,36,7,2.15,2,80,1
2,11,2,Female,36,7,2.15,2,80,1
2,12,2,Female,36,7,2.15,2,80,0
2,1,2,Male,36,7,2.1,2,80,1
2,2,2,Male,36,7,2.1,2,80,1
2,3,2,Male,36,7,2.1,2,80,1
2,4,2,Male,36,7,2.1,2,80,1
2,5,2,Male,36,7,2.1,2,80,1
2,6,2,Male,36,7,2.1,2,80,1
2,7,2,Male,36,7,2.1,2,80,1
2,8,2,Male,36,7,2.1,2,80,1
2,9,2,Male,36,7,2.1,2,80,1
2,10,2,Male,36,7,2.1,2,80,1
2,11,2,Male,36,7,2.1,2,80,1
2,12,2,Male,36,7,2.1,2,80,1
2,1,2,Male,59,7,1.85,2,80,0
2,2,2,Male,59,7,1.85,2,80,1
2,3,2,Male,59,7,1.85,2,80,0
2,4,2,Male,59,7,1.85,2,80,1
2,5,2,Male,59,7,1.85,2,80,1
2,6,2,Male,59,7,1.85,2,80,1
2,7,2,Male,59,7,1.85,2,80,1
2,8,2,Male,59,7,1.85,2,80,1
2,9,2,Male,59,7,1.85,2,80,0
2,10,2,Male,59,7,1.85,2,80,0
2,11,2,Male,59,7,1.85,2,80,1
2,12,2,Male,59,7,1.85,2,80,0
1,1,1,Female,67,2,1.283333333,1,60,1
1,2,1,Female,67,2,1.283333333,1,60,1
1,3,1,Female,67,2,1.283333333,1,60,1
1,4,1,Female,67,2,1.283333333,1,60,1
1,5,1,Female,67,2,1.283333333,1,60,1
1,6,1,Female,67,2,1.283333333,1,60,1
1,7,1,Female,67,2,1.283333333,1,60,1
1,8,1,Female,67,2,1.283333333,1,60,1
1,9,1,Female,67,2,1.283333333,1,60,1
1,10,1,Female,67,2,1.283333333,1,60,1
1,11,1,Female,67,2,1.283333333,1,60,1
1,12,1,Female,67,2,1.283333333,1,60,1
1,1,1,Female,25,2,0.5,1,60,1
1,2,1,Female,25,2,0.5,1,60,1
1,3,1,Female,25,2,0.5,1,60,1
1,4,1,Female,25,2,0.5,1,60,1
1,5,1,Female,25,2,0.5,1,60,1
1,6,1,Female,25,2,0.5,1,60,1
1,7,1,Female,25,2,0.5,1,60,1
1,8,1,Female,25,2,0.5,1,60,1
1,9,1,Female,25,2,0.5,1,60,1
1,10,1,Female,25,2,0.5,1,60,1
1,11,1,Female,25,2,0.5,1,60,1
1,12,1,Female,25,2,0.5,1,60,1
1,1,1,Female,35,2,0.716666667,1,60,1
1,2,1,Female,35,2,0.716666667,1,60,1
1,3,1,Female,35,2,0.716666667,1,60,1
1,4,1,Female,35,2,0.716666667,1,60,1
1,5,1,Female,35,2,0.716666667,1,60,1
1,6,1,Female,35,2,0.716666667,1,60,1
1,7,1,Female,35,2,0.716666667,1,60,1
1,8,1,Female,35,2,0.716666667,1,60,1
1,9,1,Female,35,2,0.716666667,1,60,1
1,10,1,Female,35,2,0.716666667,1,60,1
1,11,1,Female,35,2,0.716666667,1,60,1
1,12,1,Female,35,2,0.716666667,1,60,1
1,1,1,Female,28,2,1.1,1,60,1
1,2,1,Female,28,2,1.1,1,60,1
1,3,1,Female,28,2,1.1,1,60,1
1,4,1,Female,28,2,1.1,1,60,0
1,5,1,Female,28,2,1.1,1,60,1
1,6,1,Female,28,2,1.1,1,60,1
1,7,1,Female,28,2,1.1,1,60,1
1,8,1,Female,28,2,1.1,1,60,1
1,9,1,Female,28,2,1.1,1,60,1
1,10,1,Female,28,2,1.1,1,60,1
1,11,1,Female,28,2,1.1,1,60,1
1,12,1,Female,28,2,1.1,1,60,1
1,1,1,Male,28,2,1.4,1,60,1
1,2,1,Male,28,2,1.4,1,60,1
1,3,1,Male,28,2,1.4,1,60,1
1,4,1,Male,28,2,1.4,1,60,1
1,5,1,Male,28,2,1.4,1,60,1
1,6,1,Male,28,2,1.4,1,60,1
1,7,1,Male,28,2,1.4,1,60,1
1,8,1,Male,28,2,1.4,1,60,1
1,9,1,Male,28,2,1.4,1,60,1
1,10,1,Male,28,2,1.4,1,60,1
1,11,1,Male,28,2,1.4,1,60,1
1,12,1,Male,28,2,1.4,1,60,1
1,1,1,Male,43,2,1.216666667,1,60,1
1,2,1,Male,43,2,1.216666667,1,60,1
1,3,1,Male,43,2,1.216666667,1,60,1
1,4,1,Male,43,2,1.216666667,1,60,1
1,5,1,Male,43,2,1.216666667,1,60,1
1,6,1,Male,43,2,1.216666667,1,60,1
1,7,1,Male,43,2,1.216666667,1,60,1
1,8,1,Male,43,2,1.216666667,1,60,1
1,9,1,Male,43,2,1.216666667,1,60,1
1,10,1,Male,43,2,1.216666667,1,60,1
1,11,1,Male,43,2,1.216666667,1,60,1
1,12,1,Male,43,2,1.216666667,1,60,1
1,1,1,Male,57,2,0.416666667,1,60,1
1,2,1,Male,57,2,0.416666667,1,60,0
1,3,1,Male,57,2,0.416666667,1,60,0
1,4,1,Male,57,2,0.416666667,1,60,0
1,5,1,Male,57,2,0.416666667,1,60,1
1,6,1,Male,57,2,0.416666667,1,60,0
1,7,1,Male,57,2,0.416666667,1,60,0
1,8,1,Male,57,2,0.416666667,1,60,1
1,9,1,Male,57,2,0.416666667,1,60,1
1,10,1,Male,57,2,0.416666667,1,60,1
1,11,1,Male,57,2,0.416666667,1,60,1
1,12,1,Male,57,2,0.416666667,1,60,0
1,1,1,Male,67,2,1.75,1,60,1
1,2,1,Male,67,2,1.75,1,60,1
1,3,1,Male,67,2,1.75,1,60,1
1,4,1,Male,67,2,1.75,1,60,1
1,5,1,Male,67,2,1.75,1,60,1
1,6,1,Male,67,2,1.75,1,60,1
1,7,1,Male,67,2,1.75,1,60,1
1,8,1,Male,67,2,1.75,1,60,1
1,9,1,Male,67,2,1.75,1,60,1
1,10,1,Male,67,2,1.75,1,60,1
1,11,1,Male,67,2,1.75,1,60,1
1,12,1,Male,67,2,1.75,1,60,1
1,1,1,Male,41,2,3.383333333,1,60,1
1,2,1,Male,41,2,3.383333333,1,60,1
1,3,1,Male,41,2,3.383333333,1,60,1
1,4,1,Male,41,2,3.383333333,1,60,1
1,5,1,Male,41,2,3.383333333,1,60,1
1,6,1,Male,41,2,3.383333333,1,60,1
1,7,1,Male,41,2,3.383333333,1,60,1
1,8,1,Male,41,2,3.383333333,1,60,1
1,9,1,Male,41,2,3.383333333,1,60,1
1,10,1,Male,41,2,3.383333333,1,60,1
1,11,1,Male,41,2,3.383333333,1,60,1
1,12,1,Male,41,2,3.383333333,1,60,1
1,1,1,Female,43,2,1.8,1,60,1
1,2,1,Female,43,2,1.8,1,60,1
1,3,1,Female,43,2,1.8,1,60,1
1,4,1,Female,43,2,1.8,1,60,1
1,5,1,Female,43,2,1.8,1,60,1
1,6,1,Female,43,2,1.8,1,60,1
1,7,1,Female,43,2,1.8,1,60,1
1,8,1,Female,43,2,1.8,1,60,1
1,9,1,Female,43,2,1.8,1,60,1
1,10,1,Female,43,2,1.8,1,60,1
1,11,1,Female,43,2,1.8,1,60,1
1,12,1,Female,43,2,1.8,1,60,1
1,1,1,Female,25,2,1.7,1,60,1
1,2,1,Female,25,2,1.7,1,60,1
1,3,1,Female,25,2,1.7,1,60,1
1,4,1,Female,25,2,1.7,1,60,1
1,5,1,Female,25,2,1.7,1,60,1
1,6,1,Female,25,2,1.7,1,60,1
1,7,1,Female,25,2,1.7,1,60,1
1,8,1,Female,25,2,1.7,1,60,1
1,9,1,Female,25,2,1.7,1,60,1
1,10,1,Female,25,2,1.7,1,60,1
1,11,1,Female,25,2,1.7,1,60,1
1,12,1,Female,25,2,1.7,1,60,1
1,1,1,Female,60,2,3.716666667,1,60,1
1,2,1,Female,60,2,3.716666667,1,60,1
1,3,1,Female,60,2,3.716666667,1,60,1
1,4,1,Female,60,2,3.716666667,1,60,1
1,5,1,Female,60,2,3.716666667,1,60,1
1,6,1,Female,60,2,3.716666667,1,60,1
1,7,1,Female,60,2,3.716666667,1,60,1
1,8,1,Female,60,2,3.716666667,1,60,1
1,9,1,Female,60,2,3.716666667,1,60,1
1,10,1,Female,60,2,3.716666667,1,60,1
1,11,1,Female,60,2,3.716666667,1,60,1
1,12,1,Female,60,2,3.716666667,1,60,1
1,1,1,Male,51,2,0.55,1,60,1
1,2,1,Male,51,2,0.55,1,60,1
1,3,1,Male,51,2,0.55,1,60,1
1,4,1,Male,51,2,0.55,1,60,1
1,5,1,Male,51,2,0.55,1,60,1
1,6,1,Male,51,2,0.55,1,60,1
1,7,1,Male,51,2,0.55,1,60,1
1,8,1,Male,51,2,0.55,1,60,1
1,9,1,Male,51,2,0.55,1,60,1
1,10,1,Male,51,2,0.55,1,60,1
1,11,1,Male,51,2,0.55,1,60,1
1,12,1,Male,51,2,0.55,1,60,1
1,1,1,Male,48,2,1,1,60,1
1,2,1,Male,48,2,1,1,60,1
1,3,1,Male,48,2,1,1,60,1
1,4,1,Male,48,2,1,1,60,1
1,5,1,Male,48,2,1,1,60,1
1,6,1,Male,48,2,1,1,60,1
1,7,1,Male,48,2,1,1,60,1
1,8,1,Male,48,2,1,1,60,1
1,9,1,Male,48,2,1,1,60,1
1,10,1,Male,48,2,1,1,60,1
1,11,1,Male,48,2,1,1,60,1
1,12,1,Male,48,2,1,1,60,1
1,1,1,Female,67,2,0.783333333,1,60,1
1,2,1,Female,67,2,0.783333333,1,60,1
1,3,1,Female,67,2,0.783333333,1,60,0
1,4,1,Female,67,2,0.783333333,1,60,1
1,5,1,Female,67,2,0.783333333,1,60,1
1,6,1,Female,67,2,0.783333333,1,60,0
1,7,1,Female,67,2,0.783333333,1,60,0
1,8,1,Female,67,2,0.783333333,1,60,1
1,9,1,Female,67,2,0.783333333,1,60,1
1,10,1,Female,67,2,0.783333333,1,60,1
1,11,1,Female,67,2,0.783333333,1,60,0
1,12,1,Female,67,2,0.783333333,1,60,1
1,1,1,Male,35,2,3.75,1,60,0
1,2,1,Male,35,2,3.75,1,60,1
1,3,1,Male,35,2,3.75,1,60,1
1,4,1,Male,35,2,3.75,1,60,1
1,5,1,Male,35,2,3.75,1,60,1
1,6,1,Male,35,2,3.75,1,60,1
1,7,1,Male,35,2,3.75,1,60,1
1,8,1,Male,35,2,3.75,1,60,1
1,9,1,Male,35,2,3.75,1,60,1
1,10,1,Male,35,2,3.75,1,60,1
1,11,1,Male,35,2,3.75,1,60,1
1,12,1,Male,35,2,3.75,1,60,1
1,1,1,Female,36,2,0.833333333,1,60,1
1,2,1,Female,36,2,0.833333333,1,60,1
1,3,1,Female,36,2,0.833333333,1,60,1
1,4,1,Female,36,2,0.833333333,1,60,1
1,5,1,Female,36,2,0.833333333,1,60,1
1,6,1,Female,36,2,0.833333333,1,60,1
1,7,1,Female,36,2,0.833333333,1,60,1
1,8,1,Female,36,2,0.833333333,1,60,1
1,9,1,Female,36,2,0.833333333,1,60,1
1,10,1,Female,36,2,0.833333333,1,60,1
1,11,1,Female,36,2,0.833333333,1,60,1
1,12,1,Female,36,2,0.833333333,1,60,1
1,1,1,Male,67,2,0.466666667,1,60,1
1,2,1,Male,67,2,0.466666667,1,60,1
1,3,1,Male,67,2,0.466666667,1,60,0
1,4,1,Male,67,2,0.466666667,1,60,1
1,5,1,Male,67,2,0.466666667,1,60,1
1,6,1,Male,67,2,0.466666667,1,60,1
1,7,1,Male,67,2,0.466666667,1,60,1
1,8,1,Male,67,2,0.466666667,1,60,1
1,9,1,Male,67,2,0.466666667,1,60,1
1,10,1,Male,67,2,0.466666667,1,60,1
1,11,1,Male,67,2,0.466666667,1,60,1
1,12,1,Male,67,2,0.466666667,1,60,1
3,1,3,Male,43,26,1.166666667,4,89,0
3,2,3,Male,43,26,1.166666667,4,89,1
3,3,4,Male,43,26,1.166666667,4,89,0
3,4,4,Male,43,26,1.166666667,4,89,1
3,5,4,Male,43,26,1.166666667,4,89,0
3,6,2,Male,43,26,1.166666667,4,89,1
3,7,3,Male,43,26,1.166666667,4,89,1
3,8,4,Male,43,26,1.166666667,4,89,0
3,9,3,Male,43,26,1.166666667,4,89,0
3,10,3,Male,43,26,1.166666667,4,89,1
3,11,3,Male,43,26,1.166666667,4,89,1
3,12,3,Male,43,26,1.166666667,4,89,1
3,1,3,Female,36,26,0.833333333,4,89,1
3,2,3,Female,36,26,0.833333333,4,89,0
3,3,4,Female,36,26,0.833333333,4,89,0
3,4,4,Female,36,26,0.833333333,4,89,1
3,5,4,Female,36,26,0.833333333,4,89,1
3,6,2,Female,36,26,0.833333333,4,89,0
3,7,3,Female,36,26,0.833333333,4,89,0
3,8,4,Female,36,26,0.833333333,4,89,0
3,9,3,Female,36,26,0.833333333,4,89,0
3,10,3,Female,36,26,0.833333333,4,89,1
3,11,3,Female,36,26,0.833333333,4,89,0
3,12,3,Female,36,26,0.833333333,4,89,1
3,1,3,Female,33,26,2.4,4,89,1
3,2,3,Female,33,26,2.4,4,89,1
3,3,4,Female,33,26,2.4,4,89,1
3,4,4,Female,33,26,2.4,4,89,0
3,5,4,Female,33,26,2.4,4,89,0
3,6,2,Female,33,26,2.4,4,89,0
3,7,3,Female,33,26,2.4,4,89,1
3,8,4,Female,33,26,2.4,4,89,1
3,9,3,Female,33,26,2.4,4,89,1
3,10,3,Female,33,26,2.4,4,89,0
3,11,3,Female,33,26,2.4,4,89,0
3,12,3,Female,33,26,2.4,4,89,0
3,1,3,Male,57,26,0.766666667,4,89,0
3,2,3,Male,57,26,0.766666667,4,89,1
3,3,4,Male,57,26,0.766666667,4,89,0
3,4,4,Male,57,26,0.766666667,4,89,0
3,5,4,Male,57,26,0.766666667,4,89,1
3,6,2,Male,57,26,0.766666667,4,89,0
3,7,3,Male,57,26,0.766666667,4,89,0
3,8,4,Male,57,26,0.766666667,4,89,1
3,9,3,Male,57,26,0.766666667,4,89,0
3,10,3,Male,57,26,0.766666667,4,89,0
3,11,3,Male,57,26,0.766666667,4,89,1
3,12,3,Male,57,26,0.766666667,4,89,1
3,1,3,Male,36,26,1.033333333,4,89,1
3,2,3,Male,36,26,1.033333333,4,89,0
3,3,4,Male,36,26,1.033333333,4,89,0
3,4,4,Male,36,26,1.033333333,4,89,1
3,5,4,Male,36,26,1.033333333,4,89,0
3,6,2,Male,36,26,1.033333333,4,89,1
3,7,3,Male,36,26,1.033333333,4,89,1
3,8,4,Male,36,26,1.033333333,4,89,0
3,9,3,Male,36,26,1.033333333,4,89,0
3,10,3,Male,36,26,1.033333333,4,89,0
3,11,3,Male,36,26,1.033333333,4,89,1
3,12,3,Male,36,26,1.033333333,4,89,1
3,1,3,Male,25,26,2.033333333,4,89,0
3,2,3,Male,25,26,2.033333333,4,89,1
3,3,4,Male,25,26,2.033333333,4,89,0
3,4,4,Male,25,26,2.033333333,4,89,1
3,5,4,Male,25,26,2.033333333,4,89,0
3,6,2,Male,25,26,2.033333333,4,89,1
3,7,3,Male,25,26,2.033333333,4,89,1
3,8,4,Male,25,26,2.033333333,4,89,1
3,9,3,Male,25,26,2.033333333,4,89,0
3,10,3,Male,25,26,2.033333333,4,89,1
3,11,3,Male,25,26,2.033333333,4,89,1
3,12,3,Male,25,26,2.033333333,4,89,1
3,1,3,Male,35,26,2.6,4,89,0
3,2,3,Male,35,26,2.6,4,89,0
3,3,4,Male,35,26,2.6,4,89,1
3,4,4,Male,35,26,2.6,4,89,1
3,5,4,Male,35,26,2.6,4,89,0
3,6,2,Male,35,26,2.6,4,89,1
3,7,3,Male,35,26,2.6,4,89,1
3,8,4,Male,35,26,2.6,4,89,0
3,9,3,Male,35,26,2.6,4,89,0
3,10,3,Male,35,26,2.6,4,89,1
3,11,3,Male,35,26,2.6,4,89,1
3,12,3,Male,35,26,2.6,4,89,0
3,1,3,Male,35,26,2.7,4,89,0
3,2,3,Male,35,26,2.7,4,89,1
3,3,4,Male,35,26,2.7,4,89,0
3,4,4,Male,35,26,2.7,4,89,1
3,5,4,Male,35,26,2.7,4,89,0
3,6,2,Male,35,26,2.7,4,89,1
3,7,3,Male,35,26,2.7,4,89,1
3,8,4,Male,35,26,2.7,4,89,1
3,9,3,Male,35,26,2.7,4,89,0
3,10,3,Male,35,26,2.7,4,89,1
3,11,3,Male,35,26,2.7,4,89,0
3,12,3,Male,35,26,2.7,4,89,0
3,1,3,Male,35,26,1.65,4,89,1
3,2,3,Male,35,26,1.65,4,89,1
3,3,4,Male,35,26,1.65,4,89,1
3,4,4,Male,35,26,1.65,4,89,0
3,5,4,Male,35,26,1.65,4,89,0
3,6,2,Male,35,26,1.65,4,89,0
3,7,3,Male,35,26,1.65,4,89,1
3,8,4,Male,35,26,1.65,4,89,0
3,9,3,Male,35,26,1.65,4,89,1
3,10,3,Male,35,26,1.65,4,89,1
3,11,3,Male,35,26,1.65,4,89,1
3,12,3,Male,35,26,1.65,4,89,0
3,1,3,Male,25,26,0.8,4,89,0
3,2,3,Male,25,26,0.8,4,89,1
3,3,4,Male,25,26,0.8,4,89,0
3,4,4,Male,25,26,0.8,4,89,1
3,5,4,Male,25,26,0.8,4,89,0
3,6,2,Male,25,26,0.8,4,89,0
3,7,3,Male,25,26,0.8,4,89,1
3,8,4,Male,25,26,0.8,4,89,1
3,9,3,Male,25,26,0.8,4,89,0
3,10,3,Male,25,26,0.8,4,89,1
3,11,3,Male,25,26,0.8,4,89,0
3,12,3,Male,25,26,0.8,4,89,1
3,1,3,Female,32,26,4.366666667,4,89,1
3,2,3,Female,32,26,4.366666667,4,89,0
3,3,4,Female,32,26,4.366666667,4,89,1
3,4,4,Female,32,26,4.366666667,4,89,0
3,5,4,Female,32,26,4.366666667,4,89,0
3,6,2,Female,32,26,4.366666667,4,89,1
3,7,3,Female,32,26,4.366666667,4,89,0
3,8,4,Female,32,26,4.366666667,4,89,1
3,9,3,Female,32,26,4.366666667,4,89,0
3,10,3,Female,32,26,4.366666667,4,89,1
3,11,3,Female,32,26,4.366666667,4,89,1
3,12,3,Female,32,26,4.366666667,4,89,0
3,1,3,Female,32,26,0.833333333,4,89,1
3,2,3,Female,32,26,0.833333333,4,89,1
3,3,4,Female,32,26,0.833333333,4,89,1
3,4,4,Female,32,26,0.833333333,4,89,1
3,5,4,Female,32,26,0.833333333,4,89,1
3,6,2,Female,32,26,0.833333333,4,89,0
3,7,3,Female,32,26,0.833333333,4,89,1
3,8,4,Female,32,26,0.833333333,4,89,1
3,9,3,Female,32,26,0.833333333,4,89,1
3,10,3,Female,32,26,0.833333333,4,89,0
3,11,3,Female,32,26,0.833333333,4,89,0
3,12,3,Female,32,26,0.833333333,4,89,0
3,1,3,Male,25,26,2.866666667,4,89,0
3,2,3,Male,25,26,2.866666667,4,89,1
3,3,4,Male,25,26,2.866666667,4,89,0
3,4,4,Male,25,26,2.866666667,4,89,1
3,5,4,Male,25,26,2.866666667,4,89,0
3,6,2,Male,25,26,2.866666667,4,89,1
3,7,3,Male,25,26,2.866666667,4,89,1
3,8,4,Male,25,26,2.866666667,4,89,1
3,9,3,Male,25,26,2.866666667,4,89,0
3,10,3,Male,25,26,2.866666667,4,89,1
3,11,3,Male,25,26,2.866666667,4,89,1
3,12,3,Male,25,26,2.866666667,4,89,1
3,1,3,Female,38,26,1.983333333,4,89,0
3,2,3,Female,38,26,1.983333333,4,89,0
3,3,4,Female,38,26,1.983333333,4,89,0
3,4,4,Female,38,26,1.983333333,4,89,1
3,5,4,Female,38,26,1.983333333,4,89,1
3,6,2,Female,38,26,1.983333333,4,89,0
3,7,3,Female,38,26,1.983333333,4,89,0
3,8,4,Female,38,26,1.983333333,4,89,0
3,9,3,Female,38,26,1.983333333,4,89,1
3,10,3,Female,38,26,1.983333333,4,89,1
3,11,3,Female,38,26,1.983333333,4,89,1
3,12,3,Female,38,26,1.983333333,4,89,1
3,1,3,Male,24,26,0.866666667,4,89,0
3,2,3,Male,24,26,0.866666667,4,89,1
3,3,4,Male,24,26,0.866666667,4,89,1
3,4,4,Male,24,26,0.866666667,4,89,1
3,5,4,Male,24,26,0.866666667,4,89,0
3,6,2,Male,24,26,0.866666667,4,89,1
3,7,3,Male,24,26,0.866666667,4,89,0
3,8,4,Male,24,26,0.866666667,4,89,0
3,9,3,Male,24,26,0.866666667,4,89,0
3,10,3,Male,24,26,0.866666667,4,89,0
3,11,3,Male,24,26,0.866666667,4,89,1
3,12,3,Male,24,26,0.866666667,4,89,0
4,1,1,Female,31,4,0.95,2,68,1
4,2,1,Female,31,4,0.95,2,68,1
4,3,2,Female,31,4,0.95,2,68,1
4,4,1,Female,31,4,0.95,2,68,1
4,5,1,Female,31,4,0.95,2,68,1
4,6,2,Female,31,4,0.95,2,68,0
4,7,1,Female,31,4,0.95,2,68,1
4,8,1,Female,31,4,0.95,2,68,1
4,9,2,Female,31,4,0.95,2,68,1
4,10,1,Female,31,4,0.95,2,68,1
4,11,2,Female,31,4,0.95,2,68,1
4,12,1,Female,31,4,0.95,2,68,1
4,1,1,Male,37,4,1.666666667,2,68,1
4,2,1,Male,37,4,1.666666667,2,68,1
4,3,2,Male,37,4,1.666666667,2,68,1
4,4,1,Male,37,4,1.666666667,2,68,1
4,5,1,Male,37,4,1.666666667,2,68,1
4,6,2,Male,37,4,1.666666667,2,68,1
4,7,1,Male,37,4,1.666666667,2,68,1
4,8,1,Male,37,4,1.666666667,2,68,1
4,9,2,Male,37,4,1.666666667,2,68,1
4,10,1,Male,37,4,1.666666667,2,68,1
4,11,2,Male,37,4,1.666666667,2,68,1
4,12,1,Male,37,4,1.666666667,2,68,1
4,1,1,Male,30,4,0.416666667,2,68,1
4,2,1,Male,30,4,0.416666667,2,68,1
4,3,2,Male,30,4,0.416666667,2,68,0
4,4,1,Male,30,4,0.416666667,2,68,0
4,5,1,Male,30,4,0.416666667,2,68,1
4,6,2,Male,30,4,0.416666667,2,68,1
4,7,1,Male,30,4,0.416666667,2,68,1
4,8,1,Male,30,4,0.416666667,2,68,1
4,9,2,Male,30,4,0.416666667,2,68,0
4,10,1,Male,30,4,0.416666667,2,68,0
4,11,2,Male,30,4,0.416666667,2,68,0
4,12,1,Male,30,4,0.416666667,2,68,0
4,1,1,Male,40,4,1.166666667,2,68,1
4,2,1,Male,40,4,1.166666667,2,68,1
4,3,2,Male,40,4,1.166666667,2,68,1
4,4,1,Male,40,4,1.166666667,2,68,1
4,5,1,Male,40,4,1.166666667,2,68,1
4,6,2,Male,40,4,1.166666667,2,68,1
4,7,1,Male,40,4,1.166666667,2,68,1
4,8,1,Male,40,4,1.166666667,2,68,1
4,9,2,Male,40,4,1.166666667,2,68,1
4,10,1,Male,40,4,1.166666667,2,68,1
4,11,2,Male,40,4,1.166666667,2,68,1
4,12,1,Male,40,4,1.166666667,2,68,1
4,1,1,Female,52,4,1.266666667,2,68,1
4,2,1,Female,52,4,1.266666667,2,68,1
4,3,2,Female,52,4,1.266666667,2,68,1
4,4,1,Female,52,4,1.266666667,2,68,1
4,5,1,Female,52,4,1.266666667,2,68,1
4,6,2,Female,52,4,1.266666667,2,68,1
4,7,1,Female,52,4,1.266666667,2,68,1
4,8,1,Female,52,4,1.266666667,2,68,1
4,9,2,Female,52,4,1.266666667,2,68,1
4,10,1,Female,52,4,1.266666667,2,68,1
4,11,2,Female,52,4,1.266666667,2,68,1
4,12,1,Female,52,4,1.266666667,2,68,1
4,1,1,Female,40,4,1.966666667,2,68,1
4,2,1,Female,40,4,1.966666667,2,68,1
4,3,2,Female,40,4,1.966666667,2,68,0
4,4,1,Female,40,4,1.966666667,2,68,1
4,5,1,Female,40,4,1.966666667,2,68,1
4,6,2,Female,40,4,1.966666667,2,68,0
4,7,1,Female,40,4,1.966666667,2,68,1
4,8,1,Female,40,4,1.966666667,2,68,1
4,9,2,Female,40,4,1.966666667,2,68,0
4,10,1,Female,40,4,1.966666667,2,68,1
4,11,2,Female,40,4,1.966666667,2,68,0
4,12,1,Female,40,4,1.966666667,2,68,1
4,1,1,Female,55,4,0.716666667,2,68,1
4,2,1,Female,55,4,0.716666667,2,68,1
4,3,2,Female,55,4,0.716666667,2,68,1
4,4,1,Female,55,4,0.716666667,2,68,1
4,5,1,Female,55,4,0.716666667,2,68,1
4,6,2,Female,55,4,0.716666667,2,68,0
4,7,1,Female,55,4,0.716666667,2,68,1
4,8,1,Female,55,4,0.716666667,2,68,1
4,9,2,Female,55,4,0.716666667,2,68,1
4,10,1,Female,55,4,0.716666667,2,68,1
4,11,2,Female,55,4,0.716666667,2,68,1
4,12,1,Female,55,4,0.716666667,2,68,1
4,1,1,Female,37,4,1.316666667,2,68,1
4,2,1,Female,37,4,1.316666667,2,68,0
4,3,2,Female,37,4,1.316666667,2,68,1
4,4,1,Female,37,4,1.316666667,2,68,0
4,5,1,Female,37,4,1.316666667,2,68,1
4,6,2,Female,37,4,1.316666667,2,68,0
4,7,1,Female,37,4,1.316666667,2,68,1
4,8,1,Female,37,4,1.316666667,2,68,0
4,9,2,Female,37,4,1.316666667,2,68,0
4,10,1,Female,37,4,1.316666667,2,68,1
4,11,2,Female,37,4,1.316666667,2,68,1
4,12,1,Female,37,4,1.316666667,2,68,1
4,1,1,Female,63,4,0.5,2,68,1
4,2,1,Female,63,4,0.5,2,68,1
4,3,2,Female,63,4,0.5,2,68,1
4,4,1,Female,63,4,0.5,2,68,1
4,5,1,Female,63,4,0.5,2,68,1
4,6,2,Female,63,4,0.5,2,68,0
4,7,1,Female,63,4,0.5,2,68,1
4,8,1,Female,63,4,0.5,2,68,1
4,9,2,Female,63,4,0.5,2,68,1
4,10,1,Female,63,4,0.5,2,68,1
4,11,2,Female,63,4,0.5,2,68,1
4,12,1,Female,63,4,0.5,2,68,1
4,1,1,Female,30,4,2.65,2,68,1
4,2,1,Female,30,4,2.65,2,68,1
4,3,2,Female,30,4,2.65,2,68,1
4,4,1,Female,30,4,2.65,2,68,1
4,5,1,Female,30,4,2.65,2,68,1
4,6,2,Female,30,4,2.65,2,68,1
4,7,1,Female,30,4,2.65,2,68,1
4,8,1,Female,30,4,2.65,2,68,0
4,9,2,Female,30,4,2.65,2,68,0
4,10,1,Female,30,4,2.65,2,68,1
4,11,2,Female,30,4,2.65,2,68,1
4,12,1,Female,30,4,2.65,2,68,1
4,1,1,Male,36,4,1.3,2,68,1
4,2,1,Male,36,4,1.3,2,68,1
4,3,2,Male,36,4,1.3,2,68,1
4,4,1,Male,36,4,1.3,2,68,1
4,5,1,Male,36,4,1.3,2,68,1
4,6,2,Male,36,4,1.3,2,68,1
4,7,1,Male,36,4,1.3,2,68,0
4,8,1,Male,36,4,1.3,2,68,0
4,9,2,Male,36,4,1.3,2,68,0
4,10,1,Male,36,4,1.3,2,68,1
4,11,2,Male,36,4,1.3,2,68,1
4,12,1,Male,36,4,1.3,2,68,0
4,1,1,Male,29,4,2.366666667,2,68,1
4,2,1,Male,29,4,2.366666667,2,68,1
4,3,2,Male,29,4,2.366666667,2,68,1
4,4,1,Male,29,4,2.366666667,2,68,0
4,5,1,Male,29,4,2.366666667,2,68,1
4,6,2,Male,29,4,2.366666667,2,68,0
4,7,1,Male,29,4,2.366666667,2,68,1
4,8,1,Male,29,4,2.366666667,2,68,0
4,9,2,Male,29,4,2.366666667,2,68,1
4,10,1,Male,29,4,2.366666667,2,68,1
4,11,2,Male,29,4,2.366666667,2,68,1
4,12,1,Male,29,4,2.366666667,2,68,1
4,1,1,Male,41,4,2.933333333,2,68,1
4,2,1,Male,41,4,2.933333333,2,68,1
4,3,2,Male,41,4,2.933333333,2,68,1
4,4,1,Male,41,4,2.933333333,2,68,1
4,5,1,Male,41,4,2.933333333,2,68,1
4,6,2,Male,41,4,2.933333333,2,68,1
4,7,1,Male,41,4,2.933333333,2,68,1
4,8,1,Male,41,4,2.933333333,2,68,1
4,9,2,Male,41,4,2.933333333,2,68,1
4,10,1,Male,41,4,2.933333333,2,68,1
4,11,2,Male,41,4,2.933333333,2,68,1
4,12,1,Male,41,4,2.933333333,2,68,1
4,1,1,Female,43,4,1.166666667,2,68,1
4,2,1,Female,43,4,1.166666667,2,68,1
4,3,2,Female,43,4,1.166666667,2,68,1
4,4,1,Female,43,4,1.166666667,2,68,1
4,5,1,Female,43,4,1.166666667,2,68,1
4,6,2,Female,43,4,1.166666667,2,68,1
4,7,1,Female,43,4,1.166666667,2,68,1
4,8,1,Female,43,4,1.166666667,2,68,1
4,9,2,Female,43,4,1.166666667,2,68,1
4,10,1,Female,43,4,1.166666667,2,68,1
4,11,2,Female,43,4,1.166666667,2,68,1
4,12,1,Female,43,4,1.166666667,2,68,1
4,1,1,Female,37,4,1.2,2,68,1
4,2,1,Female,37,4,1.2,2,68,1
4,3,2,Female,37,4,1.2,2,68,0
4,4,1,Female,37,4,1.2,2,68,0
4,5,1,Female,37,4,1.2,2,68,1
4,6,2,Female,37,4,1.2,2,68,1
4,7,1,Female,37,4,1.2,2,68,0
4,8,1,Female,37,4,1.2,2,68,0
4,9,2,Female,37,4,1.2,2,68,1
4,10,1,Female,37,4,1.2,2,68,0
4,11,2,Female,37,4,1.2,2,68,0
4,12,1,Female,37,4,1.2,2,68,1
4,1,1,Male,29,4,1.15,2,68,1
4,2,1,Male,29,4,1.15,2,68,1
4,3,2,Male,29,4,1.15,2,68,0
4,4,1,Male,29,4,1.15,2,68,1
4,5,1,Male,29,4,1.15,2,68,1
4,6,2,Male,29,4,1.15,2,68,1
4,7,1,Male,29,4,1.15,2,68,1
4,8,1,Male,29,4,1.15,2,68,0
4,9,2,Male,29,4,1.15,2,68,0
4,10,1,Male,29,4,1.15,2,68,1
4,11,2,Male,29,4,1.15,2,68,1
4,12,1,Male,29,4,1.15,2,68,0
4,1,1,Male,24,4,0.766666667,2,68,0
4,2,1,Male,24,4,0.766666667,2,68,1
4,3,2,Male,24,4,0.766666667,2,68,1
4,4,1,Male,24,4,0.766666667,2,68,0
4,5,1,Male,24,4,0.766666667,2,68,1
4,6,2,Male,24,4,0.766666667,2,68,1
4,7,1,Male,24,4,0.766666667,2,68,0
4,8,1,Male,24,4,0.766666667,2,68,0
4,9,2,Male,24,4,0.766666667,2,68,0
4,10,1,Male,24,4,0.766666667,2,68,1
4,11,2,Male,24,4,0.766666667,2,68,0
4,12,1,Male,24,4,0.766666667,2,68,1
4,1,1,Male,29,4,3.05,2,68,1
4,2,1,Male,29,4,3.05,2,68,1
4,3,2,Male,29,4,3.05,2,68,1
4,4,1,Male,29,4,3.05,2,68,0
4,5,1,Male,29,4,3.05,2,68,1
4,6,2,Male,29,4,3.05,2,68,0
4,7,1,Male,29,4,3.05,2,68,1
4,8,1,Male,29,4,3.05,2,68,0
4,9,2,Male,29,4,3.05,2,68,1
4,10,1,Male,29,4,3.05,2,68,0
4,11,2,Male,29,4,3.05,2,68,1
4,12,1,Male,29,4,3.05,2,68,0
4,1,1,Male,43,4,4.216666667,2,68,1
4,2,1,Male,43,4,4.216666667,2,68,1
4,3,2,Male,43,4,4.216666667,2,68,1
4,4,1,Male,43,4,4.216666667,2,68,1
4,5,1,Male,43,4,4.216666667,2,68,1
4,6,2,Male,43,4,4.216666667,2,68,1
4,7,1,Male,43,4,4.216666667,2,68,1
4,8,1,Male,43,4,4.216666667,2,68,1
4,9,2,Male,43,4,4.216666667,2,68,1
4,10,1,Male,43,4,4.216666667,2,68,1
4,11,2,Male,43,4,4.216666667,2,68,1
4,12,1,Male,43,4,4.216666667,2,68,1
4,1,1,Male,30,4,0.733333333,2,68,1
4,2,1,Male,30,4,0.733333333,2,68,0
4,3,2,Male,30,4,0.733333333,2,68,1
4,4,1,Male,30,4,0.733333333,2,68,0
4,5,1,Male,30,4,0.733333333,2,68,1
4,6,2,Male,30,4,0.733333333,2,68,1
4,7,1,Male,30,4,0.733333333,2,68,1
4,8,1,Male,30,4,0.733333333,2,68,0
4,9,2,Male,30,4,0.733333333,2,68,0
4,10,1,Male,30,4,0.733333333,2,68,1
4,11,2,Male,30,4,0.733333333,2,68,1
4,12,1,Male,30,4,0.733333333,2,68,0
5,1,2,Female,58,5,2.583333333,2,75,0
5,2,2,Female,58,5,2.583333333,2,75,1
5,3,1,Female,58,5,2.583333333,2,75,1
5,4,2,Female,58,5,2.583333333,2,75,0
5,5,2,Female,58,5,2.583333333,2,75,0
5,6,1,Female,58,5,2.583333333,2,75,1
5,7,2,Female,58,5,2.583333333,2,75,0
5,8,2,Female,58,5,2.583333333,2,75,1
5,9,1,Female,58,5,2.583333333,2,75,1
5,10,2,Female,58,5,2.583333333,2,75,0
5,11,1,Female,58,5,2.583333333,2,75,0
5,12,2,Female,58,5,2.583333333,2,75,0
5,1,2,Male,30,5,0.433333333,2,75,0
5,2,2,Male,30,5,0.433333333,2,75,1
5,3,1,Male,30,5,0.433333333,2,75,1
5,4,2,Male,30,5,0.433333333,2,75,0
5,5,2,Male,30,5,0.433333333,2,75,0
5,6,1,Male,30,5,0.433333333,2,75,1
5,7,2,Male,30,5,0.433333333,2,75,0
5,8,2,Male,30,5,0.433333333,2,75,1
5,9,1,Male,30,5,0.433333333,2,75,1
5,10,2,Male,30,5,0.433333333,2,75,0
5,11,1,Male,30,5,0.433333333,2,75,1
5,12,2,Male,30,5,0.433333333,2,75,0
5,1,2,Male,42,5,1.383333333,2,75,0
5,2,2,Male,42,5,1.383333333,2,75,1
5,3,1,Male,42,5,1.383333333,2,75,1
5,4,2,Male,42,5,1.383333333,2,75,1
5,5,2,Male,42,5,1.383333333,2,75,0
5,6,1,Male,42,5,1.383333333,2,75,1
5,7,2,Male,42,5,1.383333333,2,75,0
5,8,2,Male,42,5,1.383333333,2,75,1
5,9,1,Male,42,5,1.383333333,2,75,1
5,10,2,Male,42,5,1.383333333,2,75,0
5,11,1,Male,42,5,1.383333333,2,75,0
5,12,2,Male,42,5,1.383333333,2,75,0
5,1,2,Male,35,5,1.416666667,2,75,1
5,2,2,Male,35,5,1.416666667,2,75,0
5,3,1,Male,35,5,1.416666667,2,75,1
5,4,2,Male,35,5,1.416666667,2,75,1
5,5,2,Male,35,5,1.416666667,2,75,1
5,6,1,Male,35,5,1.416666667,2,75,1
5,7,2,Male,35,5,1.416666667,2,75,1
5,8,2,Male,35,5,1.416666667,2,75,1
5,9,1,Male,35,5,1.416666667,2,75,1
5,10,2,Male,35,5,1.416666667,2,75,1
5,11,1,Male,35,5,1.416666667,2,75,1
5,12,2,Male,35,5,1.416666667,2,75,1
5,1,2,Male,32,5,2.583333333,2,75,1
5,2,2,Male,32,5,2.583333333,2,75,1
5,3,1,Male,32,5,2.583333333,2,75,1
5,4,2,Male,32,5,2.583333333,2,75,1
5,5,2,Male,32,5,2.583333333,2,75,1
5,6,1,Male,32,5,2.583333333,2,75,1
5,7,2,Male,32,5,2.583333333,2,75,1
5,8,2,Male,32,5,2.583333333,2,75,1
5,9,1,Male,32,5,2.583333333,2,75,1
5,10,2,Male,32,5,2.583333333,2,75,1
5,11,1,Male,32,5,2.583333333,2,75,1
5,12,2,Male,32,5,2.583333333,2,75,1
5,1,2,Female,44,5,1.016666667,2,75,0
5,2,2,Female,44,5,1.016666667,2,75,1
5,3,1,Female,44,5,1.016666667,2,75,1
5,4,2,Female,44,5,1.016666667,2,75,1
5,5,2,Female,44,5,1.016666667,2,75,1
5,6,1,Female,44,5,1.016666667,2,75,1
5,7,2,Female,44,5,1.016666667,2,75,1
5,8,2,Female,44,5,1.016666667,2,75,1
5,9,1,Female,44,5,1.016666667,2,75,1
5,10,2,Female,44,5,1.016666667,2,75,0
5,11,1,Female,44,5,1.016666667,2,75,1
5,12,2,Female,44,5,1.016666667,2,75,1
5,1,2,Female,35,5,1.833333333,2,75,0
5,2,2,Female,35,5,1.833333333,2,75,1
5,3,1,Female,35,5,1.833333333,2,75,1
5,4,2,Female,35,5,1.833333333,2,75,1
5,5,2,Female,35,5,1.833333333,2,75,1
5,6,1,Female,35,5,1.833333333,2,75,1
5,7,2,Female,35,5,1.833333333,2,75,1
5,8,2,Female,35,5,1.833333333,2,75,1
5,9,1,Female,35,5,1.833333333,2,75,1
5,10,2,Female,35,5,1.833333333,2,75,0
5,11,1,Female,35,5,1.833333333,2,75,1
5,12,2,Female,35,5,1.833333333,2,75,1
5,1,2,Female,35,5,2.583333333,2,75,0
5,2,2,Female,35,5,2.583333333,2,75,1
5,3,1,Female,35,5,2.583333333,2,75,1
5,4,2,Female,35,5,2.583333333,2,75,1
5,5,2,Female,35,5,2.583333333,2,75,1
5,6,1,Female,35,5,2.583333333,2,75,1
5,7,2,Female,35,5,2.583333333,2,75,1
5,8,2,Female,35,5,2.583333333,2,75,1
5,9,1,Female,35,5,2.583333333,2,75,1
5,10,2,Female,35,5,2.583333333,2,75,0
5,11,1,Female,35,5,2.583333333,2,75,1
5,12,2,Female,35,5,2.583333333,2,75,1
5,1,2,Male,30,5,2.083333333,2,75,0
5,2,2,Male,30,5,2.083333333,2,75,1
5,3,1,Male,30,5,2.083333333,2,75,1
5,4,2,Male,30,5,2.083333333,2,75,0
5,5,2,Male,30,5,2.083333333,2,75,1
5,6,1,Male,30,5,2.083333333,2,75,1
5,7,2,Male,30,5,2.083333333,2,75,0
5,8,2,Male,30,5,2.083333333,2,75,1
5,9,1,Male,30,5,2.083333333,2,75,1
5,10,2,Male,30,5,2.083333333,2,75,0
5,11,1,Male,30,5,2.083333333,2,75,0
5,12,2,Male,30,5,2.083333333,2,75,1
5,1,2,Female,30,5,1.616666667,2,75,1
5,2,2,Female,30,5,1.616666667,2,75,1
5,3,1,Female,30,5,1.616666667,2,75,1
5,4,2,Female,30,5,1.616666667,2,75,1
5,5,2,Female,30,5,1.616666667,2,75,1
5,6,1,Female,30,5,1.616666667,2,75,1
5,7,2,Female,30,5,1.616666667,2,75,1
5,8,2,Female,30,5,1.616666667,2,75,1
5,9,1,Female,30,5,1.616666667,2,75,1
5,10,2,Female,30,5,1.616666667,2,75,1
5,11,1,Female,30,5,1.616666667,2,75,1
5,12,2,Female,30,5,1.616666667,2,75,1
5,1,2,Female,30,5,1.483333333,2,75,1
5,2,2,Female,30,5,1.483333333,2,75,1
5,3,1,Female,30,5,1.483333333,2,75,0
5,4,2,Female,30,5,1.483333333,2,75,1
5,5,2,Female,30,5,1.483333333,2,75,1
5,6,1,Female,30,5,1.483333333,2,75,1
5,7,2,Female,30,5,1.483333333,2,75,1
5,8,2,Female,30,5,1.483333333,2,75,1
5,9,1,Female,30,5,1.483333333,2,75,1
5,10,2,Female,30,5,1.483333333,2,75,1
5,11,1,Female,30,5,1.483333333,2,75,1
5,12,2,Female,30,5,1.483333333,2,75,1
5,1,2,Male,32,5,1.866666667,2,75,1
5,2,2,Male,32,5,1.866666667,2,75,1
5,3,1,Male,32,5,1.866666667,2,75,1
5,4,2,Male,32,5,1.866666667,2,75,1
5,5,2,Male,32,5,1.866666667,2,75,1
5,6,1,Male,32,5,1.866666667,2,75,1
5,7,2,Male,32,5,1.866666667,2,75,1
5,8,2,Male,32,5,1.866666667,2,75,1
5,9,1,Male,32,5,1.866666667,2,75,1
5,10,2,Male,32,5,1.866666667,2,75,1
5,11,1,Male,32,5,1.866666667,2,75,1
5,12,2,Male,32,5,1.866666667,2,75,1
3,1,3,Female,33,26,2.783333333,4,89,1
3,2,3,Female,33,26,2.783333333,4,89,1
3,3,4,Female,33,26,2.783333333,4,89,1
3,4,4,Female,33,26,2.783333333,4,89,1
3,5,4,Female,33,26,2.783333333,4,89,1
3,6,2,Female,33,26,2.783333333,4,89,1
3,7,3,Female,33,26,2.783333333,4,89,1
3,8,4,Female,33,26,2.783333333,4,89,1
3,9,3,Female,33,26,2.783333333,4,89,1
3,10,3,Female,33,26,2.783333333,4,89,1
3,11,3,Female,33,26,2.783333333,4,89,1
3,12,3,Female,33,26,2.783333333,4,89,1
3,1,3,Male,25,26,1.316666667,4,89,1
3,2,3,Male,25,26,1.316666667,4,89,0
3,3,4,Male,25,26,1.316666667,4,89,1
3,4,4,Male,25,26,1.316666667,4,89,1
3,5,4,Male,25,26,1.316666667,4,89,1
3,6,2,Male,25,26,1.316666667,4,89,1
3,7,3,Male,25,26,1.316666667,4,89,1
3,8,4,Male,25,26,1.316666667,4,89,0
3,9,3,Male,25,26,1.316666667,4,89,1
3,10,3,Male,25,26,1.316666667,4,89,1
3,11,3,Male,25,26,1.316666667,4,89,0
3,12,3,Male,25,26,1.316666667,4,89,1
3,1,3,Female,35,26,0.666666667,4,89,0
3,2,3,Female,35,26,0.666666667,4,89,0
3,3,4,Female,35,26,0.666666667,4,89,1
3,4,4,Female,35,26,0.666666667,4,89,1
3,5,4,Female,35,26,0.666666667,4,89,0
3,6,2,Female,35,26,0.666666667,4,89,0
3,7,3,Female,35,26,0.666666667,4,89,1
3,8,4,Female,35,26,0.666666667,4,89,1
3,9,3,Female,35,26,0.666666667,4,89,0
3,10,3,Female,35,26,0.666666667,4,89,1
3,11,3,Female,35,26,0.666666667,4,89,1
3,12,3,Female,35,26,0.666666667,4,89,1
2,1,2,Female,45,7,2.783333333,2,80,1
2,2,2,Female,45,7,2.783333333,2,80,1
2,3,2,Female,45,7,2.783333333,2,80,1
2,4,2,Female,45,7,2.783333333,2,80,1
2,5,2,Female,45,7,2.783333333,2,80,1
2,6,2,Female,45,7,2.783333333,2,80,1
2,7,2,Female,45,7,2.783333333,2,80,1
2,8,2,Female,45,7,2.783333333,2,80,1
2,9,2,Female,45,7,2.783333333,2,80,1
2,10,2,Female,45,7,2.783333333,2,80,0
2,11,2,Female,45,7,2.783333333,2,80,1
2,12,2,Female,45,7,2.783333333,2,80,0
2,1,2,Male,28,7,1.466666667,2,80,0
2,2,2,Male,28,7,1.466666667,2,80,1
2,3,2,Male,28,7,1.466666667,2,80,1
2,4,2,Male,28,7,1.466666667,2,80,1
2,5,2,Male,28,7,1.466666667,2,80,1
2,6,2,Male,28,7,1.466666667,2,80,0
2,7,2,Male,28,7,1.466666667,2,80,1
2,8,2,Male,28,7,1.466666667,2,80,1
2,9,2,Male,28,7,1.466666667,2,80,1
2,10,2,Male,28,7,1.466666667,2,80,0
2,11,2,Male,28,7,1.466666667,2,80,1
2,12,2,Male,28,7,1.466666667,2,80,1
2,1,2,Male,34,7,0.766666667,2,80,1
2,2,2,Male,34,7,0.766666667,2,80,1
2,3,2,Male,34,7,0.766666667,2,80,0
2,4,2,Male,34,7,0.766666667,2,80,1
2,5,2,Male,34,7,0.766666667,2,80,1
2,6,2,Male,34,7,0.766666667,2,80,1
2,7,2,Male,34,7,0.766666667,2,80,1
2,8,2,Male,34,7,0.766666667,2,80,1
2,9,2,Male,34,7,0.766666667,2,80,1
2,10,2,Male,34,7,0.766666667,2,80,1
2,11,2,Male,34,7,0.766666667,2,80,1
2,12,2,Male,34,7,0.766666667,2,80,1
2,1,2,Male,48,7,2.7,2,80,1
2,2,2,Male,48,7,2.7,2,80,1
2,3,2,Male,48,7,2.7,2,80,0
2,4,2,Male,48,7,2.7,2,80,0
2,5,2,Male,48,7,2.7,2,80,1
2,6,2,Male,48,7,2.7,2,80,1
2,7,2,Male,48,7,2.7,2,80,1
2,8,2,Male,48,7,2.7,2,80,1
2,9,2,Male,48,7,2.7,2,80,0
2,10,2,Male,48,7,2.7,2,80,0
2,11,2,Male,48,7,2.7,2,80,0
2,12,2,Male,48,7,2.7,2,80,0
2,1,2,Male,77,7,4.1,2,80,1
2,2,2,Male,77,7,4.1,2,80,1
2,3,2,Male,77,7,4.1,2,80,1
2,4,2,Male,77,7,4.1,2,80,1
2,5,2,Male,77,7,4.1,2,80,1
2,6,2,Male,77,7,4.1,2,80,1
2,7,2,Male,77,7,4.1,2,80,1
2,8,2,Male,77,7,4.1,2,80,1
2,9,2,Male,77,7,4.1,2,80,1
2,10,2,Male,77,7,4.1,2,80,0
2,11,2,Male,77,7,4.1,2,80,0
2,12,2,Male,77,7,4.1,2,80,0
2,1,2,Male,34,7,1.083333333,2,80,1
2,2,2,Male,34,7,1.083333333,2,80,1
2,3,2,Male,34,7,1.083333333,2,80,1
2,4,2,Male,34,7,1.083333333,2,80,1
2,5,2,Male,34,7,1.083333333,2,80,1
2,6,2,Male,34,7,1.083333333,2,80,1
2,7,2,Male,34,7,1.083333333,2,80,1
2,8,2,Male,34,7,1.083333333,2,80,1
2,9,2,Male,34,7,1.083333333,2,80,1
2,10,2,Male,34,7,1.083333333,2,80,1
2,11,2,Male,34,7,1.083333333,2,80,1
2,12,2,Male,34,7,1.083333333,2,80,1
2,1,2,Male,25,7,1.416666667,2,80,1
2,2,2,Male,25,7,1.416666667,2,80,1
2,3,2,Male,25,7,1.416666667,2,80,1
2,4,2,Male,25,7,1.416666667,2,80,1
2,5,2,Male,25,7,1.416666667,2,80,1
2,6,2,Male,25,7,1.416666667,2,80,1
2,7,2,Male,25,7,1.416666667,2,80,1
2,8,2,Male,25,7,1.416666667,2,80,1
2,9,2,Male,25,7,1.416666667,2,80,1
2,10,2,Male,25,7,1.416666667,2,80,1
2,11,2,Male,25,7,1.416666667,2,80,1
2,12,2,Male,25,7,1.416666667,2,80,0
2,1,2,Female,69,7,3.016666667,2,80,1
2,2,2,Female,69,7,3.016666667,2,80,1
2,3,2,Female,69,7,3.016666667,2,80,1
2,4,2,Female,69,7,3.016666667,2,80,1
2,5,2,Female,69,7,3.016666667,2,80,1
2,6,2,Female,69,7,3.016666667,2,80,1
2,7,2,Female,69,7,3.016666667,2,80,1
2,8,2,Female,69,7,3.016666667,2,80,1
2,9,2,Female,69,7,3.016666667,2,80,1
2,10,2,Female,69,7,3.016666667,2,80,1
2,11,2,Female,69,7,3.016666667,2,80,1
2,12,2,Female,69,7,3.016666667,2,80,1
2,1,2,Female,26,7,0.416666667,2,80,1
2,2,2,Female,26,7,0.416666667,2,80,1
2,3,2,Female,26,7,0.416666667,2,80,1
2,4,2,Female,26,7,0.416666667,2,80,1
2,5,2,Female,26,7,0.416666667,2,80,1
2,6,2,Female,26,7,0.416666667,2,80,0
2,7,2,Female,26,7,0.416666667,2,80,1
2,8,2,Female,26,7,0.416666667,2,80,0
2,9,2,Female,26,7,0.416666667,2,80,0
2,10,2,Female,26,7,0.416666667,2,80,0
2,11,2,Female,26,7,0.416666667,2,80,1
2,12,2,Female,26,7,0.416666667,2,80,0
2,1,2,Female,33,7,0.433333333,2,80,0
2,2,2,Female,33,7,0.433333333,2,80,1
2,3,2,Female,33,7,0.433333333,2,80,1
2,4,2,Female,33,7,0.433333333,2,80,1
2,5,2,Female,33,7,0.433333333,2,80,0
2,6,2,Female,33,7,0.433333333,2,80,0
2,7,2,Female,33,7,0.433333333,2,80,0
2,8,2,Female,33,7,0.433333333,2,80,1
2,9,2,Female,33,7,0.433333333,2,80,1
2,10,2,Female,33,7,0.433333333,2,80,0
2,11,2,Female,33,7,0.433333333,2,80,1
2,12,2,Female,33,7,0.433333333,2,80,1
2,1,2,Female,45,7,0.666666667,2,80,0
2,2,2,Female,45,7,0.666666667,2,80,1
2,3,2,Female,45,7,0.666666667,2,80,1
2,4,2,Female,45,7,0.666666667,2,80,1
2,5,2,Female,45,7,0.666666667,2,80,1
2,6,2,Female,45,7,0.666666667,2,80,0
2,7,2,Female,45,7,0.666666667,2,80,1
2,8,2,Female,45,7,0.666666667,2,80,1
2,9,2,Female,45,7,0.666666667,2,80,1
2,10,2,Female,45,7,0.666666667,2,80,0
2,11,2,Female,45,7,0.666666667,2,80,1
2,12,2,Female,45,7,0.666666667,2,80,1
2,1,2,Female,56,7,2.15,2,80,0
2,2,2,Female,56,7,2.15,2,80,1
2,3,2,Female,56,7,2.15,2,80,1
2,4,2,Female,56,7,2.15,2,80,1
2,5,2,Female,56,7,2.15,2,80,0
2,6,2,Female,56,7,2.15,2,80,0
2,7,2,Female,56,7,2.15,2,80,1
2,8,2,Female,56,7,2.15,2,80,0
2,9,2,Female,56,7,2.15,2,80,0
2,10,2,Female,56,7,2.15,2,80,1
2,11,2,Female,56,7,2.15,2,80,1
2,12,2,Female,56,7,2.15,2,80,1
2,1,2,Male,47,7,3.033333333,2,80,1
2,2,2,Male,47,7,3.033333333,2,80,1
2,3,2,Male,47,7,3.033333333,2,80,1
2,4,2,Male,47,7,3.033333333,2,80,1
2,5,2,Male,47,7,3.033333333,2,80,1
2,6,2,Male,47,7,3.033333333,2,80,1
2,7,2,Male,47,7,3.033333333,2,80,1
2,8,2,Male,47,7,3.033333333,2,80,1
2,9,2,Male,47,7,3.033333333,2,80,1
2,10,2,Male,47,7,3.033333333,2,80,1
2,11,2,Male,47,7,3.033333333,2,80,1
2,12,2,Male,47,7,3.033333333,2,80,1
2,1,2,Female,30,7,1.683333333,2,80,1
2,2,2,Female,30,7,1.683333333,2,80,1
2,3,2,Female,30,7,1.683333333,2,80,1
2,4,2,Female,30,7,1.683333333,2,80,1
2,5,2,Female,30,7,1.683333333,2,80,1
2,6,2,Female,30,7,1.683333333,2,80,1
2,7,2,Female,30,7,1.683333333,2,80,1
2,8,2,Female,30,7,1.683333333,2,80,1
2,9,2,Female,30,7,1.683333333,2,80,1
2,10,2,Female,30,7,1.683333333,2,80,0
2,11,2,Female,30,7,1.683333333,2,80,1
2,12,2,Female,30,7,1.683333333,2,80,1
2,1,2,Male,58,7,0.566666667,2,80,0
2,2,2,Male,58,7,0.566666667,2,80,0
2,3,2,Male,58,7,0.566666667,2,80,1
2,4,2,Male,58,7,0.566666667,2,80,1
2,5,2,Male,58,7,0.566666667,2,80,0
2,6,2,Male,58,7,0.566666667,2,80,0
2,7,2,Male,58,7,0.566666667,2,80,1
2,8,2,Male,58,7,0.566666667,2,80,1
2,9,2,Male,58,7,0.566666667,2,80,1
2,10,2,Male,58,7,0.566666667,2,80,1
2,11,2,Male,58,7,0.566666667,2,80,1
2,12,2,Male,58,7,0.566666667,2,80,1
2,1,2,Male,38,7,1.883333333,2,80,1
2,2,2,Male,38,7,1.883333333,2,80,1
2,3,2,Male,38,7,1.883333333,2,80,1
2,4,2,Male,38,7,1.883333333,2,80,1
2,5,2,Male,38,7,1.883333333,2,80,1
2,6,2,Male,38,7,1.883333333,2,80,1
2,7,2,Male,38,7,1.883333333,2,80,1
2,8,2,Male,38,7,1.883333333,2,80,1
2,9,2,Male,38,7,1.883333333,2,80,1
2,10,2,Male,38,7,1.883333333,2,80,1
2,11,2,Male,38,7,1.883333333,2,80,1
2,12,2,Male,38,7,1.883333333,2,80,1
2,1,2,Male,58,7,0.75,2,80,1
2,2,2,Male,58,7,0.75,2,80,1
2,3,2,Male,58,7,0.75,2,80,1
2,4,2,Male,58,7,0.75,2,80,1
2,5,2,Male,58,7,0.75,2,80,0
2,6,2,Male,58,7,0.75,2,80,0
2,7,2,Male,58,7,0.75,2,80,1
2,8,2,Male,58,7,0.75,2,80,1
2,9,2,Male,58,7,0.75,2,80,0
2,10,2,Male,58,7,0.75,2,80,0
2,11,2,Male,58,7,0.75,2,80,0
2,12,2,Male,58,7,0.75,2,80,1
2,1,2,Male,42,7,2.766666667,2,80,1
2,2,2,Male,42,7,2.766666667,2,80,1
2,3,2,Male,42,7,2.766666667,2,80,1
2,4,2,Male,42,7,2.766666667,2,80,1
2,5,2,Male,42,7,2.766666667,2,80,1
2,6,2,Male,42,7,2.766666667,2,80,1
2,7,2,Male,42,7,2.766666667,2,80,1
2,8,2,Male,42,7,2.766666667,2,80,1
2,9,2,Male,42,7,2.766666667,2,80,1
2,10,2,Male,42,7,2.766666667,2,80,1
2,11,2,Male,42,7,2.766666667,2,80,1
2,12,2,Male,42,7,2.766666667,2,80,1
2,1,2,Male,46,7,0.916666667,2,80,0
2,2,2,Male,46,7,0.916666667,2,80,1
2,3,2,Male,46,7,0.916666667,2,80,1
2,4,2,Male,46,7,0.916666667,2,80,0
2,5,2,Male,46,7,0.916666667,2,80,1
2,6,2,Male,46,7,0.916666667,2,80,0
2,7,2,Male,46,7,0.916666667,2,80,1
2,8,2,Male,46,7,0.916666667,2,80,1
2,9,2,Male,46,7,0.916666667,2,80,0
2,10,2,Male,46,7,0.916666667,2,80,0
2,11,2,Male,46,7,0.916666667,2,80,1
2,12,2,Male,46,7,0.916666667,2,80,1
2,1,2,Male,31,7,0.55,2,80,0
2,2,2,Male,31,7,0.55,2,80,1
2,3,2,Male,31,7,0.55,2,80,0
2,4,2,Male,31,7,0.55,2,80,0
2,5,2,Male,31,7,0.55,2,80,0
2,6,2,Male,31,7,0.55,2,80,1
2,7,2,Male,31,7,0.55,2,80,1
2,8,2,Male,31,7,0.55,2,80,1
2,9,2,Male,31,7,0.55,2,80,0
2,10,2,Male,31,7,0.55,2,80,0
2,11,2,Male,31,7,0.55,2,80,1
2,12,2,Male,31,7,0.55,2,80,0
5,1,2,Female,47,5,1.8,2,75,0
5,2,2,Female,47,5,1.8,2,75,1
5,3,1,Female,47,5,1.8,2,75,1
5,4,2,Female,47,5,1.8,2,75,0
5,5,2,Female,47,5,1.8,2,75,0
5,6,1,Female,47,5,1.8,2,75,1
5,7,2,Female,47,5,1.8,2,75,0
5,8,2,Female,47,5,1.8,2,75,1
5,9,1,Female,47,5,1.8,2,75,1
5,10,2,Female,47,5,1.8,2,75,0
5,11,1,Female,47,5,1.8,2,75,0
5,12,2,Female,47,5,1.8,2,75,0
5,1,2,Female,31,5,1.483333333,2,75,1
5,2,2,Female,31,5,1.483333333,2,75,1
5,3,1,Female,31,5,1.483333333,2,75,1
5,4,2,Female,31,5,1.483333333,2,75,1
5,5,2,Female,31,5,1.483333333,2,75,1
5,6,1,Female,31,5,1.483333333,2,75,1
5,7,2,Female,31,5,1.483333333,2,75,1
5,8,2,Female,31,5,1.483333333,2,75,1
5,9,1,Female,31,5,1.483333333,2,75,1
5,10,2,Female,31,5,1.483333333,2,75,1
5,11,1,Female,31,5,1.483333333,2,75,1
5,12,2,Female,31,5,1.483333333,2,75,1
5,1,2,Female,64,5,1.55,2,75,1
5,2,2,Female,64,5,1.55,2,75,1
5,3,1,Female,64,5,1.55,2,75,1
5,4,2,Female,64,5,1.55,2,75,1
5,5,2,Female,64,5,1.55,2,75,1
5,6,1,Female,64,5,1.55,2,75,1
5,7,2,Female,64,5,1.55,2,75,1
5,8,2,Female,64,5,1.55,2,75,1
5,9,1,Female,64,5,1.55,2,75,1
5,10,2,Female,64,5,1.55,2,75,1
5,11,1,Female,64,5,1.55,2,75,1
5,12,2,Female,64,5,1.55,2,75,1
5,1,2,Male,36,5,1.183333333,2,75,1
5,2,2,Male,36,5,1.183333333,2,75,1
5,3,1,Male,36,5,1.183333333,2,75,1
5,4,2,Male,36,5,1.183333333,2,75,1
5,5,2,Male,36,5,1.183333333,2,75,1
5,6,1,Male,36,5,1.183333333,2,75,1
5,7,2,Male,36,5,1.183333333,2,75,1
5,8,2,Male,36,5,1.183333333,2,75,1
5,9,1,Male,36,5,1.183333333,2,75,1
5,10,2,Male,36,5,1.183333333,2,75,1
5,11,1,Male,36,5,1.183333333,2,75,1
5,12,2,Male,36,5,1.183333333,2,75,1
5,1,2,Male,43,5,0.75,2,75,1
5,2,2,Male,43,5,0.75,2,75,1
5,3,1,Male,43,5,0.75,2,75,1
5,4,2,Male,43,5,0.75,2,75,1
5,5,2,Male,43,5,0.75,2,75,1
5,6,1,Male,43,5,0.75,2,75,1
5,7,2,Male,43,5,0.75,2,75,1
5,8,2,Male,43,5,0.75,2,75,1
5,9,1,Male,43,5,0.75,2,75,1
5,10,2,Male,43,5,0.75,2,75,1
5,11,1,Male,43,5,0.75,2,75,1
5,12,2,Male,43,5,0.75,2,75,1
5,1,2,Male,48,5,1.466666667,2,75,0
5,2,2,Male,48,5,1.466666667,2,75,1
5,3,1,Male,48,5,1.466666667,2,75,1
5,4,2,Male,48,5,1.466666667,2,75,1
5,5,2,Male,48,5,1.466666667,2,75,0
5,6,1,Male,48,5,1.466666667,2,75,0
5,7,2,Male,48,5,1.466666667,2,75,0
5,8,2,Male,48,5,1.466666667,2,75,1
5,9,1,Male,48,5,1.466666667,2,75,1
5,10,2,Male,48,5,1.466666667,2,75,0
5,11,1,Male,48,5,1.466666667,2,75,0
5,12,2,Male,48,5,1.466666667,2,75,0
5,1,2,Male,33,5,0.766666667,2,75,0
5,2,2,Male,33,5,0.766666667,2,75,1
5,3,1,Male,33,5,0.766666667,2,75,1
5,4,2,Male,33,5,0.766666667,2,75,0
5,5,2,Male,33,5,0.766666667,2,75,0
5,6,1,Male,33,5,0.766666667,2,75,1
5,7,2,Male,33,5,0.766666667,2,75,0
5,8,2,Male,33,5,0.766666667,2,75,1
5,9,1,Male,33,5,0.766666667,2,75,1
5,10,2,Male,33,5,0.766666667,2,75,0
5,11,1,Male,33,5,0.766666667,2,75,1
5,12,2,Male,33,5,0.766666667,2,75,0
5,1,2,Female,47,5,2.216666667,2,75,1
5,2,2,Female,47,5,2.216666667,2,75,1
5,3,1,Female,47,5,2.216666667,2,75,1
5,4,2,Female,47,5,2.216666667,2,75,1
5,5,2,Female,47,5,2.216666667,2,75,0
5,6,1,Female,47,5,2.216666667,2,75,1
5,7,2,Female,47,5,2.216666667,2,75,1
5,8,2,Female,47,5,2.216666667,2,75,1
5,9,1,Female,47,5,2.216666667,2,75,1
5,10,2,Female,47,5,2.216666667,2,75,1
5,11,1,Female,47,5,2.216666667,2,75,1
5,12,2,Female,47,5,2.216666667,2,75,1
5,1,2,Female,36,5,3.1,2,75,0
5,2,2,Female,36,5,3.1,2,75,1
5,3,1,Female,36,5,3.1,2,75,1
5,4,2,Female,36,5,3.1,2,75,1
5,5,2,Female,36,5,3.1,2,75,1
5,6,1,Female,36,5,3.1,2,75,1
5,7,2,Female,36,5,3.1,2,75,1
5,8,2,Female,36,5,3.1,2,75,1
5,9,1,Female,36,5,3.1,2,75,1
5,10,2,Female,36,5,3.1,2,75,0
5,11,1,Female,36,5,3.1,2,75,1
5,12,2,Female,36,5,3.1,2,75,1
5,1,2,Female,45,5,1.8,2,75,1
5,2,2,Female,45,5,1.8,2,75,1
5,3,1,Female,45,5,1.8,2,75,1
5,4,2,Female,45,5,1.8,2,75,1
5,5,2,Female,45,5,1.8,2,75,1
5,6,1,Female,45,5,1.8,2,75,1
5,7,2,Female,45,5,1.8,2,75,1
5,8,2,Female,45,5,1.8,2,75,1
5,9,1,Female,45,5,1.8,2,75,1
5,10,2,Female,45,5,1.8,2,75,1
5,11,1,Female,45,5,1.8,2,75,1
5,12,2,Female,45,5,1.8,2,75,1
5,1,2,Male,54,5,2.2,2,75,1
5,2,2,Male,54,5,2.2,2,75,1
5,3,1,Male,54,5,2.2,2,75,1
5,4,2,Male,54,5,2.2,2,75,1
5,5,2,Male,54,5,2.2,2,75,1
5,6,1,Male,54,5,2.2,2,75,1
5,7,2,Male,54,5,2.2,2,75,1
5,8,2,Male,54,5,2.2,2,75,1
5,9,1,Male,54,5,2.2,2,75,1
5,10,2,Male,54,5,2.2,2,75,1
5,11,1,Male,54,5,2.2,2,75,1
5,12,2,Male,54,5,2.2,2,75,1
5,1,2,Male,29,5,0.466666667,2,75,0
5,2,2,Male,29,5,0.466666667,2,75,0
5,3,1,Male,29,5,0.466666667,2,75,1
5,4,2,Male,29,5,0.466666667,2,75,1
5,5,2,Male,29,5,0.466666667,2,75,0
5,6,1,Male,29,5,0.466666667,2,75,1
5,7,2,Male,29,5,0.466666667,2,75,1
5,8,2,Male,29,5,0.466666667,2,75,1
5,9,1,Male,29,5,0.466666667,2,75,0
5,10,2,Male,29,5,0.466666667,2,75,0
5,11,1,Male,29,5,0.466666667,2,75,0
5,12,2,Male,29,5,0.466666667,2,75,1
5,1,2,Female,45,5,2.033333333,2,75,1
5,2,2,Female,45,5,2.033333333,2,75,1
5,3,1,Female,45,5,2.033333333,2,75,1
5,4,2,Female,45,5,2.033333333,2,75,1
5,5,2,Female,45,5,2.033333333,2,75,1
5,6,1,Female,45,5,2.033333333,2,75,1
5,7,2,Female,45,5,2.033333333,2,75,1
5,8,2,Female,45,5,2.033333333,2,75,1
5,9,1,Female,45,5,2.033333333,2,75,1
5,10,2,Female,45,5,2.033333333,2,75,1
5,11,1,Female,45,5,2.033333333,2,75,0
5,12,2,Female,45,5,2.033333333,2,75,1
5,1,2,Female,30,5,1.016666667,2,75,1
5,2,2,Female,30,5,1.016666667,2,75,1
5,3,1,Female,30,5,1.016666667,2,75,1
5,4,2,Female,30,5,1.016666667,2,75,1
5,5,2,Female,30,5,1.016666667,2,75,1
5,6,1,Female,30,5,1.016666667,2,75,1
5,7,2,Female,30,5,1.016666667,2,75,1
5,8,2,Female,30,5,1.016666667,2,75,1
5,9,1,Female,30,5,1.016666667,2,75,1
5,10,2,Female,30,5,1.016666667,2,75,1
5,11,1,Female,30,5,1.016666667,2,75,1
5,12,2,Female,30,5,1.016666667,2,75,1
5,1,2,Male,33,5,4.316666667,2,75,1
5,2,2,Male,33,5,4.316666667,2,75,1
5,3,1,Male,33,5,4.316666667,2,75,1
5,4,2,Male,33,5,4.316666667,2,75,1
5,5,2,Male,33,5,4.316666667,2,75,1
5,6,1,Male,33,5,4.316666667,2,75,1
5,7,2,Male,33,5,4.316666667,2,75,1
5,8,2,Male,33,5,4.316666667,2,75,1
5,9,1,Male,33,5,4.316666667,2,75,1
5,10,2,Male,33,5,4.316666667,2,75,1
5,11,1,Male,33,5,4.316666667,2,75,1
5,12,2,Male,33,5,4.316666667,2,75,1
5,1,2,Female,37,5,3.066666667,2,75,0
5,2,2,Female,37,5,3.066666667,2,75,0
5,3,1,Female,37,5,3.066666667,2,75,1
5,4,2,Female,37,5,3.066666667,2,75,1
5,5,2,Female,37,5,3.066666667,2,75,1
5,6,1,Female,37,5,3.066666667,2,75,1
5,7,2,Female,37,5,3.066666667,2,75,1
5,8,2,Female,37,5,3.066666667,2,75,1
5,9,1,Female,37,5,3.066666667,2,75,1
5,10,2,Female,37,5,3.066666667,2,75,0
5,11,1,Female,37,5,3.066666667,2,75,1
5,12,2,Female,37,5,3.066666667,2,75,1
5,1,2,Female,46,5,2,2,75,1
5,2,2,Female,46,5,2,2,75,1
5,3,1,Female,46,5,2,2,75,1
5,4,2,Female,46,5,2,2,75,1
5,5,2,Female,46,5,2,2,75,1
5,6,1,Female,46,5,2,2,75,1
5,7,2,Female,46,5,2,2,75,1
5,8,2,Female,46,5,2,2,75,1
5,9,1,Female,46,5,2,2,75,1
5,10,2,Female,46,5,2,2,75,1
5,11,1,Female,46,5,2,2,75,1
5,12,2,Female,46,5,2,2,75,1
5,1,2,Female,28,5,0.9,2,75,1
5,2,2,Female,28,5,0.9,2,75,1
5,3,1,Female,28,5,0.9,2,75,1
5,4,2,Female,28,5,0.9,2,75,1
5,5,2,Female,28,5,0.9,2,75,1
5,6,1,Female,28,5,0.9,2,75,1
5,7,2,Female,28,5,0.9,2,75,1
5,8,2,Female,28,5,0.9,2,75,1
5,9,1,Female,28,5,0.9,2,75,1
5,10,2,Female,28,5,0.9,2,75,1
5,11,1,Female,28,5,0.9,2,75,1
5,12,2,Female,28,5,0.9,2,75,1
5,1,2,Male,43,5,2.083333333,2,75,1
5,2,2,Male,43,5,2.083333333,2,75,1
5,3,1,Male,43,5,2.083333333,2,75,1
5,4,2,Male,43,5,2.083333333,2,75,1
5,5,2,Male,43,5,2.083333333,2,75,1
5,6,1,Male,43,5,2.083333333,2,75,1
5,7,2,Male,43,5,2.083333333,2,75,1
5,8,2,Male,43,5,2.083333333,2,75,1
5,9,1,Male,43,5,2.083333333,2,75,1
5,10,2,Male,43,5,2.083333333,2,75,1
5,11,1,Male,43,5,2.083333333,2,75,1
5,12,2,Male,43,5,2.083333333,2,75,1
5,1,2,Female,37,5,1.35,2,75,1
5,2,2,Female,37,5,1.35,2,75,1
5,3,1,Female,37,5,1.35,2,75,1
5,4,2,Female,37,5,1.35,2,75,1
5,5,2,Female,37,5,1.35,2,75,1
5,6,1,Female,37,5,1.35,2,75,1
5,7,2,Female,37,5,1.35,2,75,1
5,8,2,Female,37,5,1.35,2,75,1
5,9,1,Female,37,5,1.35,2,75,1
5,10,2,Female,37,5,1.35,2,75,1
5,11,1,Female,37,5,1.35,2,75,1
5,12,2,Female,37,5,1.35,2,75,1
5,1,2,Female,46,5,1.483333333,2,75,1
5,2,2,Female,46,5,1.483333333,2,75,1
5,3,1,Female,46,5,1.483333333,2,75,1
5,4,2,Female,46,5,1.483333333,2,75,1
5,5,2,Female,46,5,1.483333333,2,75,1
5,6,1,Female,46,5,1.483333333,2,75,1
5,7,2,Female,46,5,1.483333333,2,75,1
5,8,2,Female,46,5,1.483333333,2,75,1
5,9,1,Female,46,5,1.483333333,2,75,1
5,10,2,Female,46,5,1.483333333,2,75,1
5,11,1,Female,46,5,1.483333333,2,75,1
5,12,2,Female,46,5,1.483333333,2,75,1
5,1,2,Female,29,5,0.516666667,2,75,0
5,2,2,Female,29,5,0.516666667,2,75,1
5,3,1,Female,29,5,0.516666667,2,75,1
5,4,2,Female,29,5,0.516666667,2,75,1
5,5,2,Female,29,5,0.516666667,2,75,0
5,6,1,Female,29,5,0.516666667,2,75,1
5,7,2,Female,29,5,0.516666667,2,75,1
5,8,2,Female,29,5,0.516666667,2,75,1
5,9,1,Female,29,5,0.516666667,2,75,1
5,10,2,Female,29,5,0.516666667,2,75,0
5,11,1,Female,29,5,0.516666667,2,75,0
5,12,2,Female,29,5,0.516666667,2,75,0
5,1,2,Female,37,5,0.516666667,2,75,0
5,2,2,Female,37,5,0.516666667,2,75,1
5,3,1,Female,37,5,0.516666667,2,75,1
5,4,2,Female,37,5,0.516666667,2,75,1
5,5,2,Female,37,5,0.516666667,2,75,1
5,6,1,Female,37,5,0.516666667,2,75,1
5,7,2,Female,37,5,0.516666667,2,75,1
5,8,2,Female,37,5,0.516666667,2,75,1
5,9,1,Female,37,5,0.516666667,2,75,1
5,10,2,Female,37,5,0.516666667,2,75,0
5,11,1,Female,37,5,0.516666667,2,75,1
5,12,2,Female,37,5,0.516666667,2,75,1
5,1,2,Female,31,5,2.3,2,75,0
5,2,2,Female,31,5,2.3,2,75,1
5,3,1,Female,31,5,2.3,2,75,1
5,4,2,Female,31,5,2.3,2,75,1
5,5,2,Female,31,5,2.3,2,75,1
5,6,1,Female,31,5,2.3,2,75,1
5,7,2,Female,31,5,2.3,2,75,1
5,8,2,Female,31,5,2.3,2,75,1
5,9,1,Female,31,5,2.3,2,75,1
5,10,2,Female,31,5,2.3,2,75,1
5,11,1,Female,31,5,2.3,2,75,1
5,12,2,Female,31,5,2.3,2,75,1
4,1,1,Female,44,4,2.133333333,2,68,1
4,2,1,Female,44,4,2.133333333,2,68,1
4,3,2,Female,44,4,2.133333333,2,68,0
4,4,1,Female,44,4,2.133333333,2,68,1
4,5,1,Female,44,4,2.133333333,2,68,1
4,6,2,Female,44,4,2.133333333,2,68,0
4,7,1,Female,44,4,2.133333333,2,68,1
4,8,1,Female,44,4,2.133333333,2,68,1
4,9,2,Female,44,4,2.133333333,2,68,0
4,10,1,Female,44,4,2.133333333,2,68,1
4,11,2,Female,44,4,2.133333333,2,68,0
4,12,1,Female,44,4,2.133333333,2,68,1
4,1,1,Male,32,4,1.666666667,2,68,1
4,2,1,Male,32,4,1.666666667,2,68,1
4,3,2,Male,32,4,1.666666667,2,68,1
4,4,1,Male,32,4,1.666666667,2,68,1
4,5,1,Male,32,4,1.666666667,2,68,1
4,6,2,Male,32,4,1.666666667,2,68,1
4,7,1,Male,32,4,1.666666667,2,68,1
4,8,1,Male,32,4,1.666666667,2,68,1
4,9,2,Male,32,4,1.666666667,2,68,1
4,10,1,Male,32,4,1.666666667,2,68,1
4,11,2,Male,32,4,1.666666667,2,68,1
4,12,1,Male,32,4,1.666666667,2,68,1
4,1,1,Female,25,4,0.433333333,2,68,1
4,2,1,Female,25,4,0.433333333,2,68,1
4,3,2,Female,25,4,0.433333333,2,68,1
4,4,1,Female,25,4,0.433333333,2,68,1
4,5,1,Female,25,4,0.433333333,2,68,1
4,6,2,Female,25,4,0.433333333,2,68,0
4,7,1,Female,25,4,0.433333333,2,68,1
4,8,1,Female,25,4,0.433333333,2,68,1
4,9,2,Female,25,4,0.433333333,2,68,1
4,10,1,Female,25,4,0.433333333,2,68,1
4,11,2,Female,25,4,0.433333333,2,68,1
4,12,1,Female,25,4,0.433333333,2,68,0
4,1,1,Male,31,4,1.533333333,2,68,1
4,2,1,Male,31,4,1.533333333,2,68,1
4,3,2,Male,31,4,1.533333333,2,68,1
4,4,1,Male,31,4,1.533333333,2,68,1
4,5,1,Male,31,4,1.533333333,2,68,1
4,6,2,Male,31,4,1.533333333,2,68,1
4,7,1,Male,31,4,1.533333333,2,68,1
4,8,1,Male,31,4,1.533333333,2,68,1
4,9,2,Male,31,4,1.533333333,2,68,1
4,10,1,Male,31,4,1.533333333,2,68,1
4,11,2,Male,31,4,1.533333333,2,68,1
4,12,1,Male,31,4,1.533333333,2,68,1
4,1,1,Female,63,4,1.916666667,2,68,1
4,2,1,Female,63,4,1.916666667,2,68,1
4,3,2,Female,63,4,1.916666667,2,68,1
4,4,1,Female,63,4,1.916666667,2,68,1
4,5,1,Female,63,4,1.916666667,2,68,1
4,6,2,Female,63,4,1.916666667,2,68,1
4,7,1,Female,63,4,1.916666667,2,68,1
4,8,1,Female,63,4,1.916666667,2,68,1
4,9,2,Female,63,4,1.916666667,2,68,1
4,10,1,Female,63,4,1.916666667,2,68,1
4,11,2,Female,63,4,1.916666667,2,68,1
4,12,1,Female,63,4,1.916666667,2,68,1
4,1,1,Female,48,4,1.266666667,2,68,1
4,2,1,Female,48,4,1.266666667,2,68,1
4,3,2,Female,48,4,1.266666667,2,68,1
4,4,1,Female,48,4,1.266666667,2,68,1
4,5,1,Female,48,4,1.266666667,2,68,1
4,6,2,Female,48,4,1.266666667,2,68,1
4,7,1,Female,48,4,1.266666667,2,68,1
4,8,1,Female,48,4,1.266666667,2,68,1
4,9,2,Female,48,4,1.266666667,2,68,1
4,10,1,Female,48,4,1.266666667,2,68,1
4,11,2,Female,48,4,1.266666667,2,68,1
4,12,1,Female,48,4,1.266666667,2,68,1
4,1,1,Female,27,4,3.416666667,2,68,1
4,2,1,Female,27,4,3.416666667,2,68,1
4,3,2,Female,27,4,3.416666667,2,68,1
4,4,1,Female,27,4,3.416666667,2,68,1
4,5,1,Female,27,4,3.416666667,2,68,1
4,6,2,Female,27,4,3.416666667,2,68,1
4,7,1,Female,27,4,3.416666667,2,68,1
4,8,1,Female,27,4,3.416666667,2,68,1
4,9,2,Female,27,4,3.416666667,2,68,1
4,10,1,Female,27,4,3.416666667,2,68,1
4,11,2,Female,27,4,3.416666667,2,68,1
4,12,1,Female,27,4,3.416666667,2,68,1
4,1,1,Male,33,4,1.05,2,68,1
4,2,1,Male,33,4,1.05,2,68,1
4,3,2,Male,33,4,1.05,2,68,1
4,4,1,Male,33,4,1.05,2,68,1
4,5,1,Male,33,4,1.05,2,68,1
4,6,2,Male,33,4,1.05,2,68,1
4,7,1,Male,33,4,1.05,2,68,1
4,8,1,Male,33,4,1.05,2,68,1
4,9,2,Male,33,4,1.05,2,68,1
4,10,1,Male,33,4,1.05,2,68,1
4,11,2,Male,33,4,1.05,2,68,1
4,12,1,Male,33,4,1.05,2,68,1
4,1,1,Female,31,4,2.45,2,68,1
4,2,1,Female,31,4,2.45,2,68,1
4,3,2,Female,31,4,2.45,2,68,1
4,4,1,Female,31,4,2.45,2,68,1
4,5,1,Female,31,4,2.45,2,68,1
4,6,2,Female,31,4,2.45,2,68,1
4,7,1,Female,31,4,2.45,2,68,1
4,8,1,Female,31,4,2.45,2,68,1
4,9,2,Female,31,4,2.45,2,68,1
4,10,1,Female,31,4,2.45,2,68,1
4,11,2,Female,31,4,2.45,2,68,1
4,12,1,Female,31,4,2.45,2,68,1
4,1,1,Female,57,4,7.566666667,2,68,1
4,2,1,Female,57,4,7.566666667,2,68,1
4,3,2,Female,57,4,7.566666667,2,68,1
4,4,1,Female,57,4,7.566666667,2,68,1
4,5,1,Female,57,4,7.566666667,2,68,1
4,6,2,Female,57,4,7.566666667,2,68,0
4,7,1,Female,57,4,7.566666667,2,68,1
4,8,1,Female,57,4,7.566666667,2,68,1
4,9,2,Female,57,4,7.566666667,2,68,1
4,10,1,Female,57,4,7.566666667,2,68,1
4,11,2,Female,57,4,7.566666667,2,68,1
4,12,1,Female,57,4,7.566666667,2,68,1
4,1,1,Female,58,4,0.833333333,2,68,1
4,2,1,Female,58,4,0.833333333,2,68,1
4,3,2,Female,58,4,0.833333333,2,68,0
4,4,1,Female,58,4,0.833333333,2,68,1
4,5,1,Female,58,4,0.833333333,2,68,1
4,6,2,Female,58,4,0.833333333,2,68,1
4,7,1,Female,58,4,0.833333333,2,68,1
4,8,1,Female,58,4,0.833333333,2,68,1
4,9,2,Female,58,4,0.833333333,2,68,0
4,10,1,Female,58,4,0.833333333,2,68,1
4,11,2,Female,58,4,0.833333333,2,68,0
4,12,1,Female,58,4,0.833333333,2,68,1
4,1,1,Male,29,4,0.866666667,2,68,1
4,2,1,Male,29,4,0.866666667,2,68,1
4,3,2,Male,29,4,0.866666667,2,68,1
4,4,1,Male,29,4,0.866666667,2,68,0
4,5,1,Male,29,4,0.866666667,2,68,1
4,6,2,Male,29,4,0.866666667,2,68,1
4,7,1,Male,29,4,0.866666667,2,68,1
4,8,1,Male,29,4,0.866666667,2,68,0
4,9,2,Male,29,4,0.866666667,2,68,1
4,10,1,Male,29,4,0.866666667,2,68,0
4,11,2,Male,29,4,0.866666667,2,68,1
4,12,1,Male,29,4,0.866666667,2,68,0
4,1,1,Female,44,4,1.1,2,68,1
4,2,1,Female,44,4,1.1,2,68,1
4,3,2,Female,44,4,1.1,2,68,1
4,4,1,Female,44,4,1.1,2,68,1
4,5,1,Female,44,4,1.1,2,68,1
4,6,2,Female,44,4,1.1,2,68,1
4,7,1,Female,44,4,1.1,2,68,1
4,8,1,Female,44,4,1.1,2,68,1
4,9,2,Female,44,4,1.1,2,68,1
4,10,1,Female,44,4,1.1,2,68,1
4,11,2,Female,44,4,1.1,2,68,1
4,12,1,Female,44,4,1.1,2,68,1
4,1,1,Female,55,4,3.05,2,68,1
4,2,1,Female,55,4,3.05,2,68,1
4,3,2,Female,55,4,3.05,2,68,1
4,4,1,Female,55,4,3.05,2,68,1
4,5,1,Female,55,4,3.05,2,68,1
4,6,2,Female,55,4,3.05,2,68,1
4,7,1,Female,55,4,3.05,2,68,1
4,8,1,Female,55,4,3.05,2,68,1
4,9,2,Female,55,4,3.05,2,68,1
4,10,1,Female,55,4,3.05,2,68,1
4,11,2,Female,55,4,3.05,2,68,1
4,12,1,Female,55,4,3.05,2,68,1
4,1,1,Male,45,4,4.2,2,68,1
4,2,1,Male,45,4,4.2,2,68,1
4,3,2,Male,45,4,4.2,2,68,1
4,4,1,Male,45,4,4.2,2,68,1
4,5,1,Male,45,4,4.2,2,68,1
4,6,2,Male,45,4,4.2,2,68,1
4,7,1,Male,45,4,4.2,2,68,1
4,8,1,Male,45,4,4.2,2,68,1
4,9,2,Male,45,4,4.2,2,68,1
4,10,1,Male,45,4,4.2,2,68,1
4,11,2,Male,45,4,4.2,2,68,1
4,12,1,Male,45,4,4.2,2,68,1
4,1,1,Female,37,4,0.85,2,68,0
4,2,1,Female,37,4,0.85,2,68,1
4,3,2,Female,37,4,0.85,2,68,0
4,4,1,Female,37,4,0.85,2,68,1
4,5,1,Female,37,4,0.85,2,68,0
4,6,2,Female,37,4,0.85,2,68,0
4,7,1,Female,37,4,0.85,2,68,0
4,8,1,Female,37,4,0.85,2,68,1
4,9,2,Female,37,4,0.85,2,68,1
4,10,1,Female,37,4,0.85,2,68,0
4,11,2,Female,37,4,0.85,2,68,1
4,12,1,Female,37,4,0.85,2,68,1
4,1,1,Male,39,4,0.766666667,2,68,1
4,2,1,Male,39,4,0.766666667,2,68,1
4,3,2,Male,39,4,0.766666667,2,68,1
4,4,1,Male,39,4,0.766666667,2,68,1
4,5,1,Male,39,4,0.766666667,2,68,1
4,6,2,Male,39,4,0.766666667,2,68,1
4,7,1,Male,39,4,0.766666667,2,68,1
4,8,1,Male,39,4,0.766666667,2,68,1
4,9,2,Male,39,4,0.766666667,2,68,1
4,10,1,Male,39,4,0.766666667,2,68,1
4,11,2,Male,39,4,0.766666667,2,68,1
4,12,1,Male,39,4,0.766666667,2,68,1
4,1,1,Female,45,4,0.8,2,68,1
4,2,1,Female,45,4,0.8,2,68,1
4,3,2,Female,45,4,0.8,2,68,1
4,4,1,Female,45,4,0.8,2,68,1
4,5,1,Female,45,4,0.8,2,68,1
4,6,2,Female,45,4,0.8,2,68,1
4,7,1,Female,45,4,0.8,2,68,1
4,8,1,Female,45,4,0.8,2,68,1
4,9,2,Female,45,4,0.8,2,68,1
4,10,1,Female,45,4,0.8,2,68,1
4,11,2,Female,45,4,0.8,2,68,1
4,12,1,Female,45,4,0.8,2,68,1
4,1,1,Male,42,4,0.55,2,68,1
4,2,1,Male,42,4,0.55,2,68,1
4,3,2,Male,42,4,0.55,2,68,0
4,4,1,Male,42,4,0.55,2,68,1
4,5,1,Male,42,4,0.55,2,68,1
4,6,2,Male,42,4,0.55,2,68,0
4,7,1,Male,42,4,0.55,2,68,1
4,8,1,Male,42,4,0.55,2,68,1
4,9,2,Male,42,4,0.55,2,68,0
4,10,1,Male,42,4,0.55,2,68,1
4,11,2,Male,42,4,0.55,2,68,0
4,12,1,Male,42,4,0.55,2,68,1
4,1,1,Female,29,4,1.133333333,2,68,1
4,2,1,Female,29,4,1.133333333,2,68,1
4,3,2,Female,29,4,1.133333333,2,68,0
4,4,1,Female,29,4,1.133333333,2,68,1
4,5,1,Female,29,4,1.133333333,2,68,1
4,6,2,Female,29,4,1.133333333,2,68,1
4,7,1,Female,29,4,1.133333333,2,68,1
4,8,1,Female,29,4,1.133333333,2,68,1
4,9,2,Female,29,4,1.133333333,2,68,0
4,10,1,Female,29,4,1.133333333,2,68,1
4,11,2,Female,29,4,1.133333333,2,68,0
4,12,1,Female,29,4,1.133333333,2,68,1
4,1,1,Female,27,4,1.066666667,2,68,1
4,2,1,Female,27,4,1.066666667,2,68,1
4,3,2,Female,27,4,1.066666667,2,68,1
4,4,1,Female,27,4,1.066666667,2,68,1
4,5,1,Female,27,4,1.066666667,2,68,1
4,6,2,Female,27,4,1.066666667,2,68,1
4,7,1,Female,27,4,1.066666667,2,68,1
4,8,1,Female,27,4,1.066666667,2,68,1
4,9,2,Female,27,4,1.066666667,2,68,1
4,10,1,Female,27,4,1.066666667,2,68,1
4,11,2,Female,27,4,1.066666667,2,68,1
4,12,1,Female,27,4,1.066666667,2,68,1
4,1,1,Male,45,4,0.816666667,2,68,1
4,2,1,Male,45,4,0.816666667,2,68,1
4,3,2,Male,45,4,0.816666667,2,68,1
4,4,1,Male,45,4,0.816666667,2,68,1
4,5,1,Male,45,4,0.816666667,2,68,1
4,6,2,Male,45,4,0.816666667,2,68,1
4,7,1,Male,45,4,0.816666667,2,68,1
4,8,1,Male,45,4,0.816666667,2,68,1
4,9,2,Male,45,4,0.816666667,2,68,1
4,10,1,Male,45,4,0.816666667,2,68,1
4,11,2,Male,45,4,0.816666667,2,68,1
4,12,1,Male,45,4,0.816666667,2,68,1
4,1,1,Male,37,4,0.633333333,2,68,1
4,2,1,Male,37,4,0.633333333,2,68,1
4,3,2,Male,37,4,0.633333333,2,68,0
4,4,1,Male,37,4,0.633333333,2,68,1
4,5,1,Male,37,4,0.633333333,2,68,1
4,6,2,Male,37,4,0.633333333,2,68,0
4,7,1,Male,37,4,0.633333333,2,68,1
4,8,1,Male,37,4,0.633333333,2,68,1
4,9,2,Male,37,4,0.633333333,2,68,0
4,10,1,Male,37,4,0.633333333,2,68,1
4,11,2,Male,37,4,0.633333333,2,68,0
4,12,1,Male,37,4,0.633333333,2,68,1
3,1,3,Female,35,26,0.516666667,4,89,1
3,2,3,Female,35,26,0.516666667,4,89,1
3,3,4,Female,35,26,0.516666667,4,89,0
3,4,4,Female,35,26,0.516666667,4,89,1
3,5,4,Female,35,26,0.516666667,4,89,0
3,6,2,Female,35,26,0.516666667,4,89,0
3,7,3,Female,35,26,0.516666667,4,89,0
3,8,4,Female,35,26,0.516666667,4,89,1
3,9,3,Female,35,26,0.516666667,4,89,0
3,10,3,Female,35,26,0.516666667,4,89,0
3,11,3,Female,35,26,0.516666667,4,89,0
3,12,3,Female,35,26,0.516666667,4,89,1
3,1,3,Male,35,26,1,4,89,0
3,2,3,Male,35,26,1,4,89,1
3,3,4,Male,35,26,1,4,89,0
3,4,4,Male,35,26,1,4,89,1
3,5,4,Male,35,26,1,4,89,0
3,6,2,Male,35,26,1,4,89,1
3,7,3,Male,35,26,1,4,89,1
3,8,4,Male,35,26,1,4,89,1
3,9,3,Male,35,26,1,4,89,0
3,10,3,Male,35,26,1,4,89,1
3,11,3,Male,35,26,1,4,89,1
3,12,3,Male,35,26,1,4,89,1
3,1,3,Male,41,26,0.5,4,89,0
3,2,3,Male,41,26,0.5,4,89,1
3,3,4,Male,41,26,0.5,4,89,1
3,4,4,Male,41,26,0.5,4,89,1
3,5,4,Male,41,26,0.5,4,89,0
3,6,2,Male,41,26,0.5,4,89,1
3,7,3,Male,41,26,0.5,4,89,1
3,8,4,Male,41,26,0.5,4,89,1
3,9,3,Male,41,26,0.5,4,89,0
3,10,3,Male,41,26,0.5,4,89,1
3,11,3,Male,41,26,0.5,4,89,0
3,12,3,Male,41,26,0.5,4,89,1
3,1,3,Male,36,26,1.483333333,4,89,0
3,2,3,Male,36,26,1.483333333,4,89,0
3,3,4,Male,36,26,1.483333333,4,89,0
3,4,4,Male,36,26,1.483333333,4,89,0
3,5,4,Male,36,26,1.483333333,4,89,1
3,6,2,Male,36,26,1.483333333,4,89,0
3,7,3,Male,36,26,1.483333333,4,89,0
3,8,4,Male,36,26,1.483333333,4,89,0
3,9,3,Male,36,26,1.483333333,4,89,0
3,10,3,Male,36,26,1.483333333,4,89,1
3,11,3,Male,36,26,1.483333333,4,89,0
3,12,3,Male,36,26,1.483333333,4,89,1
3,1,3,Female,26,26,2.616666667,4,89,0
3,2,3,Female,26,26,2.616666667,4,89,1
3,3,4,Female,26,26,2.616666667,4,89,0
3,4,4,Female,26,26,2.616666667,4,89,1
3,5,4,Female,26,26,2.616666667,4,89,1
3,6,2,Female,26,26,2.616666667,4,89,1
3,7,3,Female,26,26,2.616666667,4,89,1
3,8,4,Female,26,26,2.616666667,4,89,1
3,9,3,Female,26,26,2.616666667,4,89,1
3,10,3,Female,26,26,2.616666667,4,89,1
3,11,3,Female,26,26,2.616666667,4,89,1
3,12,3,Female,26,26,2.616666667,4,89,1
3,1,3,Female,54,26,6.2,4,89,0
3,2,3,Female,54,26,6.2,4,89,1
3,3,4,Female,54,26,6.2,4,89,0
3,4,4,Female,54,26,6.2,4,89,1
3,5,4,Female,54,26,6.2,4,89,0
3,6,2,Female,54,26,6.2,4,89,0
3,7,3,Female,54,26,6.2,4,89,1
3,8,4,Female,54,26,6.2,4,89,0
3,9,3,Female,54,26,6.2,4,89,1
3,10,3,Female,54,26,6.2,4,89,0
3,11,3,Female,54,26,6.2,4,89,1
3,12,3,Female,54,26,6.2,4,89,1
3,1,3,Female,32,26,0.8,4,89,0
3,2,3,Female,32,26,0.8,4,89,1
3,3,4,Female,32,26,0.8,4,89,0
3,4,4,Female,32,26,0.8,4,89,0
3,5,4,Female,32,26,0.8,4,89,1
3,6,2,Female,32,26,0.8,4,89,1
3,7,3,Female,32,26,0.8,4,89,0
3,8,4,Female,32,26,0.8,4,89,0
3,9,3,Female,32,26,0.8,4,89,0
3,10,3,Female,32,26,0.8,4,89,1
3,11,3,Female,32,26,0.8,4,89,0
3,12,3,Female,32,26,0.8,4,89,1
3,1,3,Male,37,26,3.016666667,4,89,1
3,2,3,Male,37,26,3.016666667,4,89,1
3,3,4,Male,37,26,3.016666667,4,89,1
3,4,4,Male,37,26,3.016666667,4,89,1
3,5,4,Male,37,26,3.016666667,4,89,1
3,6,2,Male,37,26,3.016666667,4,89,1
3,7,3,Male,37,26,3.016666667,4,89,1
3,8,4,Male,37,26,3.016666667,4,89,1
3,9,3,Male,37,26,3.016666667,4,89,1
3,10,3,Male,37,26,3.016666667,4,89,0
3,11,3,Male,37,26,3.016666667,4,89,1
3,12,3,Male,37,26,3.016666667,4,89,1
3,1,3,Male,29,26,0.766666667,4,89,0
3,2,3,Male,29,26,0.766666667,4,89,0
3,3,4,Male,29,26,0.766666667,4,89,1
3,4,4,Male,29,26,0.766666667,4,89,0
3,5,4,Male,29,26,0.766666667,4,89,1
3,6,2,Male,29,26,0.766666667,4,89,0
3,7,3,Male,29,26,0.766666667,4,89,1
3,8,4,Male,29,26,0.766666667,4,89,0
3,9,3,Male,29,26,0.766666667,4,89,1
3,10,3,Male,29,26,0.766666667,4,89,1
3,11,3,Male,29,26,0.766666667,4,89,0
3,12,3,Male,29,26,0.766666667,4,89,1
1,1,1,Female,35,2,1.15,1,60,1
1,2,1,Female,35,2,1.15,1,60,1
1,3,1,Female,35,2,1.15,1,60,1
1,4,1,Female,35,2,1.15,1,60,1
1,5,1,Female,35,2,1.15,1,60,1
1,6,1,Female,35,2,1.15,1,60,1
1,7,1,Female,35,2,1.15,1,60,1
1,8,1,Female,35,2,1.15,1,60,1
1,9,1,Female,35,2,1.15,1,60,1
1,10,1,Female,35,2,1.15,1,60,1
1,11,1,Female,35,2,1.15,1,60,1
1,12,1,Female,35,2,1.15,1,60,1
1,1,1,Female,48,2,0.766666667,1,60,0
1,2,1,Female,48,2,0.766666667,1,60,1
1,3,1,Female,48,2,0.766666667,1,60,1
1,4,1,Female,48,2,0.766666667,1,60,1
1,5,1,Female,48,2,0.766666667,1,60,0
1,6,1,Female,48,2,0.766666667,1,60,1
1,7,1,Female,48,2,0.766666667,1,60,0
1,8,1,Female,48,2,0.766666667,1,60,1
1,9,1,Female,48,2,0.766666667,1,60,1
1,10,1,Female,48,2,0.766666667,1,60,1
1,11,1,Female,48,2,0.766666667,1,60,1
1,12,1,Female,48,2,0.766666667,1,60,1
1,1,1,Male,55,2,0.616666667,1,60,1
1,2,1,Male,55,2,0.616666667,1,60,0
1,3,1,Male,55,2,0.616666667,1,60,0
1,4,1,Male,55,2,0.616666667,1,60,1
1,5,1,Male,55,2,0.616666667,1,60,1
1,6,1,Male,55,2,0.616666667,1,60,1
1,7,1,Male,55,2,0.616666667,1,60,1
1,8,1,Male,55,2,0.616666667,1,60,1
1,9,1,Male,55,2,0.616666667,1,60,1
1,10,1,Male,55,2,0.616666667,1,60,1
1,11,1,Male,55,2,0.616666667,1,60,0
1,12,1,Male,55,2,0.616666667,1,60,1
1,1,1,Female,56,2,0.616666667,1,60,0
1,2,1,Female,56,2,0.616666667,1,60,0
1,3,1,Female,56,2,0.616666667,1,60,1
1,4,1,Female,56,2,0.616666667,1,60,1
1,5,1,Female,56,2,0.616666667,1,60,1
1,6,1,Female,56,2,0.616666667,1,60,1
1,7,1,Female,56,2,0.616666667,1,60,1
1,8,1,Female,56,2,0.616666667,1,60,1
1,9,1,Female,56,2,0.616666667,1,60,1
1,10,1,Female,56,2,0.616666667,1,60,1
1,11,1,Female,56,2,0.616666667,1,60,1
1,12,1,Female,56,2,0.616666667,1,60,1
1,1,1,Female,47,2,2.15,1,60,1
1,2,1,Female,47,2,2.15,1,60,1
1,3,1,Female,47,2,2.15,1,60,1
1,4,1,Female,47,2,2.15,1,60,1
1,5,1,Female,47,2,2.15,1,60,1
1,6,1,Female,47,2,2.15,1,60,1
1,7,1,Female,47,2,2.15,1,60,1
1,8,1,Female,47,2,2.15,1,60,1
1,9,1,Female,47,2,2.15,1,60,1
1,10,1,Female,47,2,2.15,1,60,1
1,11,1,Female,47,2,2.15,1,60,1
1,12,1,Female,47,2,2.15,1,60,1
1,1,1,Female,42,2,2.133333333,1,60,1
1,2,1,Female,42,2,2.133333333,1,60,1
1,3,1,Female,42,2,2.133333333,1,60,1
1,4,1,Female,42,2,2.133333333,1,60,1
1,5,1,Female,42,2,2.133333333,1,60,1
1,6,1,Female,42,2,2.133333333,1,60,1
1,7,1,Female,42,2,2.133333333,1,60,1
1,8,1,Female,42,2,2.133333333,1,60,1
1,9,1,Female,42,2,2.133333333,1,60,1
1,10,1,Female,42,2,2.133333333,1,60,1
1,11,1,Female,42,2,2.133333333,1,60,1
1,12,1,Female,42,2,2.133333333,1,60,1
1,1,1,Female,48,2,0.45,1,60,1
1,2,1,Female,48,2,0.45,1,60,0
1,3,1,Female,48,2,0.45,1,60,1
1,4,1,Female,48,2,0.45,1,60,1
1,5,1,Female,48,2,0.45,1,60,1
1,6,1,Female,48,2,0.45,1,60,1
1,7,1,Female,48,2,0.45,1,60,0
1,8,1,Female,48,2,0.45,1,60,1
1,9,1,Female,48,2,0.45,1,60,1
1,10,1,Female,48,2,0.45,1,60,1
1,11,1,Female,48,2,0.45,1,60,1
1,12,1,Female,48,2,0.45,1,60,1
1,1,1,Female,38,2,0.416666667,1,60,1
1,2,1,Female,38,2,0.416666667,1,60,1
1,3,1,Female,38,2,0.416666667,1,60,1
1,4,1,Female,38,2,0.416666667,1,60,1
1,5,1,Female,38,2,0.416666667,1,60,1
1,6,1,Female,38,2,0.416666667,1,60,1
1,7,1,Female,38,2,0.416666667,1,60,1
1,8,1,Female,38,2,0.416666667,1,60,1
1,9,1,Female,38,2,0.416666667,1,60,1
1,10,1,Female,38,2,0.416666667,1,60,1
1,11,1,Female,38,2,0.416666667,1,60,1
1,12,1,Female,38,2,0.416666667,1,60,1
1,1,1,Male,40,2,0.933333333,1,60,1
1,2,1,Male,40,2,0.933333333,1,60,1
1,3,1,Male,40,2,0.933333333,1,60,1
1,4,1,Male,40,2,0.933333333,1,60,1
1,5,1,Male,40,2,0.933333333,1,60,1
1,6,1,Male,40,2,0.933333333,1,60,1
1,7,1,Male,40,2,0.933333333,1,60,1
1,8,1,Male,40,2,0.933333333,1,60,1
1,9,1,Male,40,2,0.933333333,1,60,1
1,10,1,Male,40,2,0.933333333,1,60,1
1,11,1,Male,40,2,0.933333333,1,60,1
1,12,1,Male,40,2,0.933333333,1,60,1
1,1,1,Female,24,2,0.533333333,1,60,1
1,2,1,Female,24,2,0.533333333,1,60,0
1,3,1,Female,24,2,0.533333333,1,60,0
1,4,1,Female,24,2,0.533333333,1,60,1
1,5,1,Female,24,2,0.533333333,1,60,1
1,6,1,Female,24,2,0.533333333,1,60,0
1,7,1,Female,24,2,0.533333333,1,60,1
1,8,1,Female,24,2,0.533333333,1,60,0
1,9,1,Female,24,2,0.533333333,1,60,0
1,10,1,Female,24,2,0.533333333,1,60,1
1,11,1,Female,24,2,0.533333333,1,60,1
1,12,1,Female,24,2,0.533333333,1,60,1
1,1,1,Male,25,2,0.716666667,1,60,1
1,2,1,Male,25,2,0.716666667,1,60,0
1,3,1,Male,25,2,0.716666667,1,60,0
1,4,1,Male,25,2,0.716666667,1,60,0
1,5,1,Male,25,2,0.716666667,1,60,1
1,6,1,Male,25,2,0.716666667,1,60,1
1,7,1,Male,25,2,0.716666667,1,60,1
1,8,1,Male,25,2,0.716666667,1,60,1
1,9,1,Male,25,2,0.716666667,1,60,1
1,10,1,Male,25,2,0.716666667,1,60,1
1,11,1,Male,25,2,0.716666667,1,60,0
1,12,1,Male,25,2,0.716666667,1,60,0
1,1,1,Female,42,2,0.966666667,1,60,1
1,2,1,Female,42,2,0.966666667,1,60,1
1,3,1,Female,42,2,0.966666667,1,60,1
1,4,1,Female,42,2,0.966666667,1,60,1
1,5,1,Female,42,2,0.966666667,1,60,1
1,6,1,Female,42,2,0.966666667,1,60,1
1,7,1,Female,42,2,0.966666667,1,60,1
1,8,1,Female,42,2,0.966666667,1,60,1
1,9,1,Female,42,2,0.966666667,1,60,1
1,10,1,Female,42,2,0.966666667,1,60,1
1,11,1,Female,42,2,0.966666667,1,60,1
1,12,1,Female,42,2,0.966666667,1,60,1
1,1,1,Female,57,2,1.783333333,1,60,1
1,2,1,Female,57,2,1.783333333,1,60,1
1,3,1,Female,57,2,1.783333333,1,60,1
1,4,1,Female,57,2,1.783333333,1,60,1
1,5,1,Female,57,2,1.783333333,1,60,1
1,6,1,Female,57,2,1.783333333,1,60,1
1,7,1,Female,57,2,1.783333333,1,60,1
1,8,1,Female,57,2,1.783333333,1,60,1
1,9,1,Female,57,2,1.783333333,1,60,1
1,10,1,Female,57,2,1.783333333,1,60,1
1,11,1,Female,57,2,1.783333333,1,60,1
1,12,1,Female,57,2,1.783333333,1,60,1
1,1,1,Female,40,2,0.683333333,1,60,1
1,2,1,Female,40,2,0.683333333,1,60,1
1,3,1,Female,40,2,0.683333333,1,60,1
1,4,1,Female,40,2,0.683333333,1,60,1
1,5,1,Female,40,2,0.683333333,1,60,1
1,6,1,Female,40,2,0.683333333,1,60,1
1,7,1,Female,40,2,0.683333333,1,60,1
1,8,1,Female,40,2,0.683333333,1,60,1
1,9,1,Female,40,2,0.683333333,1,60,1
1,10,1,Female,40,2,0.683333333,1,60,1
1,11,1,Female,40,2,0.683333333,1,60,1
1,12,1,Female,40,2,0.683333333,1,60,1
1,1,1,Male,44,2,2.05,1,60,1
1,2,1,Male,44,2,2.05,1,60,1
1,3,1,Male,44,2,2.05,1,60,1
1,4,1,Male,44,2,2.05,1,60,1
1,5,1,Male,44,2,2.05,1,60,1
1,6,1,Male,44,2,2.05,1,60,1
1,7,1,Male,44,2,2.05,1,60,1
1,8,1,Male,44,2,2.05,1,60,1
1,9,1,Male,44,2,2.05,1,60,1
1,10,1,Male,44,2,2.05,1,60,1
1,11,1,Male,44,2,2.05,1,60,1
1,12,1,Male,44,2,2.05,1,60,1
1,1,1,Male,25,2,0.566666667,1,60,1
1,2,1,Male,25,2,0.566666667,1,60,0
1,3,1,Male,25,2,0.566666667,1,60,1
1,4,1,Male,25,2,0.566666667,1,60,1
1,5,1,Male,25,2,0.566666667,1,60,1
1,6,1,Male,25,2,0.566666667,1,60,1
1,7,1,Male,25,2,0.566666667,1,60,1
1,8,1,Male,25,2,0.566666667,1,60,0
1,9,1,Male,25,2,0.566666667,1,60,0
1,10,1,Male,25,2,0.566666667,1,60,0
1,11,1,Male,25,2,0.566666667,1,60,0
1,12,1,Male,25,2,0.566666667,1,60,1
1,1,1,Female,56,2,2.116666667,1,60,1
1,2,1,Female,56,2,2.116666667,1,60,1
1,3,1,Female,56,2,2.116666667,1,60,1
1,4,1,Female,56,2,2.116666667,1,60,1
1,5,1,Female,56,2,2.116666667,1,60,1
1,6,1,Female,56,2,2.116666667,1,60,1
1,7,1,Female,56,2,2.116666667,1,60,1
1,8,1,Female,56,2,2.116666667,1,60,1
1,9,1,Female,56,2,2.116666667,1,60,1
1,10,1,Female,56,2,2.116666667,1,60,1
1,11,1,Female,56,2,2.116666667,1,60,1
1,12,1,Female,56,2,2.116666667,1,60,1
1,1,1,Female,,2,1.433333333,1,60,1
1,2,1,Female,,2,1.433333333,1,60,1
1,3,1,Female,,2,1.433333333,1,60,1
1,4,1,Female,,2,1.433333333,1,60,1
1,5,1,Female,,2,1.433333333,1,60,1
1,6,1,Female,,2,1.433333333,1,60,1
1,7,1,Female,,2,1.433333333,1,60,1
1,8,1,Female,,2,1.433333333,1,60,1
1,9,1,Female,,2,1.433333333,1,60,1
1,10,1,Female,,2,1.433333333,1,60,1
1,11,1,Female,,2,1.433333333,1,60,1
1,12,1,Female,,2,1.433333333,1,60,1
1,1,1,Female,24,2,1.016666667,1,60,1
1,2,1,Female,24,2,1.016666667,1,60,1
1,3,1,Female,24,2,1.016666667,1,60,0
1,4,1,Female,24,2,1.016666667,1,60,0
1,5,1,Female,24,2,1.016666667,1,60,1
1,6,1,Female,24,2,1.016666667,1,60,1
1,7,1,Female,24,2,1.016666667,1,60,0
1,8,1,Female,24,2,1.016666667,1,60,1
1,9,1,Female,24,2,1.016666667,1,60,0
1,10,1,Female,24,2,1.016666667,1,60,0
1,11,1,Female,24,2,1.016666667,1,60,0
1,12,1,Female,24,2,1.016666667,1,60,0
3,1,3,Male,49,26,1.416666667,4,89,0
3,2,3,Male,49,26,1.416666667,4,89,1
3,3,4,Male,49,26,1.416666667,4,89,0
3,4,4,Male,49,26,1.416666667,4,89,1
3,5,4,Male,49,26,1.416666667,4,89,1
3,6,2,Male,49,26,1.416666667,4,89,0
3,7,3,Male,49,26,1.416666667,4,89,1
3,8,4,Male,49,26,1.416666667,4,89,0
3,9,3,Male,49,26,1.416666667,4,89,1
3,10,3,Male,49,26,1.416666667,4,89,1
3,11,3,Male,49,26,1.416666667,4,89,1
3,12,3,Male,49,26,1.416666667,4,89,1
3,1,3,Male,47,26,2.35,4,89,0
3,2,3,Male,47,26,2.35,4,89,1
3,3,4,Male,47,26,2.35,4,89,0
3,4,4,Male,47,26,2.35,4,89,1
3,5,4,Male,47,26,2.35,4,89,0
3,6,2,Male,47,26,2.35,4,89,1
3,7,3,Male,47,26,2.35,4,89,1
3,8,4,Male,47,26,2.35,4,89,1
3,9,3,Male,47,26,2.35,4,89,0
3,10,3,Male,47,26,2.35,4,89,1
3,11,3,Male,47,26,2.35,4,89,1
3,12,3,Male,47,26,2.35,4,89,1
3,1,3,Male,41,26,2.95,4,89,0
3,2,3,Male,41,26,2.95,4,89,0
3,3,4,Male,41,26,2.95,4,89,0
3,4,4,Male,41,26,2.95,4,89,1
3,5,4,Male,41,26,2.95,4,89,1
3,6,2,Male,41,26,2.95,4,89,1
3,7,3,Male,41,26,2.95,4,89,1
3,8,4,Male,41,26,2.95,4,89,0
3,9,3,Male,41,26,2.95,4,89,1
3,10,3,Male,41,26,2.95,4,89,1
3,11,3,Male,41,26,2.95,4,89,0
3,12,3,Male,41,26,2.95,4,89,1
3,1,3,Male,59,26,0.5,4,89,0
3,2,3,Male,59,26,0.5,4,89,0
3,3,4,Male,59,26,0.5,4,89,0
3,4,4,Male,59,26,0.5,4,89,0
3,5,4,Male,59,26,0.5,4,89,1
3,6,2,Male,59,26,0.5,4,89,1
3,7,3,Male,59,26,0.5,4,89,0
3,8,4,Male,59,26,0.5,4,89,1
3,9,3,Male,59,26,0.5,4,89,1
3,10,3,Male,59,26,0.5,4,89,1
3,11,3,Male,59,26,0.5,4,89,0
3,12,3,Male,59,26,0.5,4,89,0
3,1,3,Female,50,26,1.566666667,4,89,0
3,2,3,Female,50,26,1.566666667,4,89,0
3,3,4,Female,50,26,1.566666667,4,89,0
3,4,4,Female,50,26,1.566666667,4,89,0
3,5,4,Female,50,26,1.566666667,4,89,1
3,6,2,Female,50,26,1.566666667,4,89,1
3,7,3,Female,50,26,1.566666667,4,89,1
3,8,4,Female,50,26,1.566666667,4,89,0
3,9,3,Female,50,26,1.566666667,4,89,0
3,10,3,Female,50,26,1.566666667,4,89,1
3,11,3,Female,50,26,1.566666667,4,89,1
3,12,3,Female,50,26,1.566666667,4,89,1
3,1,3,Male,52,26,1.15,4,89,0
3,2,3,Male,52,26,1.15,4,89,1
3,3,4,Male,52,26,1.15,4,89,1
3,4,4,Male,52,26,1.15,4,89,0
3,5,4,Male,52,26,1.15,4,89,0
3,6,2,Male,52,26,1.15,4,89,0
3,7,3,Male,52,26,1.15,4,89,1
3,8,4,Male,52,26,1.15,4,89,1
3,9,3,Male,52,26,1.15,4,89,1
3,10,3,Male,52,26,1.15,4,89,1
3,11,3,Male,52,26,1.15,4,89,0
3,12,3,Male,52,26,1.15,4,89,1
3,1,3,Male,24,26,0.433333333,4,89,0
3,2,3,Male,24,26,0.433333333,4,89,1
3,3,4,Male,24,26,0.433333333,4,89,0
3,4,4,Male,24,26,0.433333333,4,89,1
3,5,4,Male,24,26,0.433333333,4,89,1
3,6,2,Male,24,26,0.433333333,4,89,0
3,7,3,Male,24,26,0.433333333,4,89,1
3,8,4,Male,24,26,0.433333333,4,89,0
3,9,3,Male,24,26,0.433333333,4,89,1
3,10,3,Male,24,26,0.433333333,4,89,0
3,11,3,Male,24,26,0.433333333,4,89,0
3,12,3,Male,24,26,0.433333333,4,89,1
3,1,3,Male,,26,1.316666667,4,89,1
3,2,3,Male,,26,1.316666667,4,89,0
3,3,4,Male,,26,1.316666667,4,89,1
3,4,4,Male,,26,1.316666667,4,89,0
3,5,4,Male,,26,1.316666667,4,89,1
3,6,2,Male,,26,1.316666667,4,89,0
3,7,3,Male,,26,1.316666667,4,89,0
3,8,4,Male,,26,1.316666667,4,89,1
3,9,3,Male,,26,1.316666667,4,89,1
3,10,3,Male,,26,1.316666667,4,89,0
3,11,3,Male,,26,1.316666667,4,89,1
3,12,3,Male,,26,1.316666667,4,89,1
3,1,3,Male,23,26,2.35,4,89,0
3,2,3,Male,23,26,2.35,4,89,1
3,3,4,Male,23,26,2.35,4,89,0
3,4,4,Male,23,26,2.35,4,89,1
3,5,4,Male,23,26,2.35,4,89,1
3,6,2,Male,23,26,2.35,4,89,0
3,7,3,Male,23,26,2.35,4,89,1
3,8,4,Male,23,26,2.35,4,89,0
3,9,3,Male,23,26,2.35,4,89,0
3,10,3,Male,23,26,2.35,4,89,1
3,11,3,Male,23,26,2.35,4,89,0
3,12,3,Male,23,26,2.35,4,89,1
3,1,3,Female,63,26,1,4,89,0
3,2,3,Female,63,26,1,4,89,1
3,3,4,Female,63,26,1,4,89,1
3,4,4,Female,63,26,1,4,89,1
3,5,4,Female,63,26,1,4,89,0
3,6,2,Female,63,26,1,4,89,1
3,7,3,Female,63,26,1,4,89,1
3,8,4,Female,63,26,1,4,89,1
3,9,3,Female,63,26,1,4,89,0
3,10,3,Female,63,26,1,4,89,1
3,11,3,Female,63,26,1,4,89,1
3,12,3,Female,63,26,1,4,89,1
3,1,3,Male,25,26,1.85,4,89,0
3,2,3,Male,25,26,1.85,4,89,1
3,3,4,Male,25,26,1.85,4,89,0
3,4,4,Male,25,26,1.85,4,89,1
3,5,4,Male,25,26,1.85,4,89,0
3,6,2,Male,25,26,1.85,4,89,1
3,7,3,Male,25,26,1.85,4,89,1
3,8,4,Male,25,26,1.85,4,89,1
3,9,3,Male,25,26,1.85,4,89,0
3,10,3,Male,25,26,1.85,4,89,1
3,11,3,Male,25,26,1.85,4,89,0
3,12,3,Male,25,26,1.85,4,89,1
3,1,3,Female,57,26,5.066666667,4,89,0
3,2,3,Female,57,26,5.066666667,4,89,1
3,3,4,Female,57,26,5.066666667,4,89,0
3,4,4,Female,57,26,5.066666667,4,89,1
3,5,4,Female,57,26,5.066666667,4,89,1
3,6,2,Female,57,26,5.066666667,4,89,0
3,7,3,Female,57,26,5.066666667,4,89,1
3,8,4,Female,57,26,5.066666667,4,89,1
3,9,3,Female,57,26,5.066666667,4,89,1
3,10,3,Female,57,26,5.066666667,4,89,1
3,11,3,Female,57,26,5.066666667,4,89,1
3,12,3,Female,57,26,5.066666667,4,89,1
3,1,3,Male,58,26,1.183333333,4,89,1
3,2,3,Male,58,26,1.183333333,4,89,0
3,3,4,Male,58,26,1.183333333,4,89,0
3,4,4,Male,58,26,1.183333333,4,89,0
3,5,4,Male,58,26,1.183333333,4,89,0
3,6,2,Male,58,26,1.183333333,4,89,0
3,7,3,Male,58,26,1.183333333,4,89,1
3,8,4,Male,58,26,1.183333333,4,89,1
3,9,3,Male,58,26,1.183333333,4,89,1
3,10,3,Male,58,26,1.183333333,4,89,1
3,11,3,Male,58,26,1.183333333,4,89,1
3,12,3,Male,58,26,1.183333333,4,89,0
3,1,3,Female,37,26,0.683333333,4,89,1
3,2,3,Female,37,26,0.683333333,4,89,1
3,3,4,Female,37,26,0.683333333,4,89,0
3,4,4,Female,37,26,0.683333333,4,89,0
3,5,4,Female,37,26,0.683333333,4,89,1
3,6,2,Female,37,26,0.683333333,4,89,1
3,7,3,Female,37,26,0.683333333,4,89,0
3,8,4,Female,37,26,0.683333333,4,89,1
3,9,3,Female,37,26,0.683333333,4,89,1
3,10,3,Female,37,26,0.683333333,4,89,0
3,11,3,Female,37,26,0.683333333,4,89,0
3,12,3,Female,37,26,0.683333333,4,89,0
