NumTree,Number_bridges_Of_Question_i,Gender,Age,Number_of_bridges,Delta_Learning_Minutes,depth,Accuracy,correct_model,QuestionId
1,1,Male,25,2,0.633333333,1,72,1,1
1,1,Male,25,2,0.633333333,1,72,1,2
1,1,Male,25,2,0.633333333,1,72,1,3
1,1,Male,25,2,0.633333333,1,72,0,4
1,1,Male,25,2,0.633333333,1,72,0,5
1,1,Male,25,2,0.633333333,1,72,1,6
1,1,Male,25,2,0.633333333,1,72,0,7
1,1,Male,25,2,0.633333333,1,72,0,8
1,1,Male,25,2,0.633333333,1,72,0,9
1,1,Male,25,2,0.633333333,1,72,0,10
1,1,Male,25,2,0.633333333,1,72,1,11
1,1,Male,25,2,0.633333333,1,72,0,12
1,1,Male,36,2,0.533333333,1,72,1,1
1,1,Male,36,2,0.533333333,1,72,1,2
1,1,Male,36,2,0.533333333,1,72,1,3
1,1,Male,36,2,0.533333333,1,72,1,4
1,1,Male,36,2,0.533333333,1,72,1,5
1,1,Male,36,2,0.533333333,1,72,1,6
1,1,Male,36,2,0.533333333,1,72,1,7
1,1,Male,36,2,0.533333333,1,72,1,8
1,1,Male,36,2,0.533333333,1,72,1,9
1,1,Male,36,2,0.533333333,1,72,1,10
1,1,Male,36,2,0.533333333,1,72,1,11
1,1,Male,36,2,0.533333333,1,72,1,12
1,1,Female,35,2,1.216666667,1,72,1,1
1,1,Female,35,2,1.216666667,1,72,1,2
1,1,Female,35,2,1.216666667,1,72,1,3
1,1,Female,35,2,1.216666667,1,72,1,4
1,1,Female,35,2,1.216666667,1,72,1,5
1,1,Female,35,2,1.216666667,1,72,1,6
1,1,Female,35,2,1.216666667,1,72,1,7
1,1,Female,35,2,1.216666667,1,72,1,8
1,1,Female,35,2,1.216666667,1,72,1,9
1,1,Female,35,2,1.216666667,1,72,1,10
1,1,Female,35,2,1.216666667,1,72,1,11
1,1,Female,35,2,1.216666667,1,72,1,12
1,1,Male,39,2,0.483333333,1,72,1,1
1,1,Male,39,2,0.483333333,1,72,1,2
1,1,Male,39,2,0.483333333,1,72,1,3
1,1,Male,39,2,0.483333333,1,72,1,4
1,1,Male,39,2,0.483333333,1,72,1,5
1,1,Male,39,2,0.483333333,1,72,1,6
1,1,Male,39,2,0.483333333,1,72,1,7
1,1,Male,39,2,0.483333333,1,72,1,8
1,1,Male,39,2,0.483333333,1,72,1,9
1,1,Male,39,2,0.483333333,1,72,1,10
1,1,Male,39,2,0.483333333,1,72,1,11
1,1,Male,39,2,0.483333333,1,72,1,12
1,1,Male,39,2,0.4,1,72,1,1
1,1,Male,39,2,0.4,1,72,1,2
1,1,Male,39,2,0.4,1,72,1,3
1,1,Male,39,2,0.4,1,72,1,4
1,1,Male,39,2,0.4,1,72,1,5
1,1,Male,39,2,0.4,1,72,1,6
1,1,Male,39,2,0.4,1,72,1,7
1,1,Male,39,2,0.4,1,72,1,8
1,1,Male,39,2,0.4,1,72,1,9
1,1,Male,39,2,0.4,1,72,1,10
1,1,Male,39,2,0.4,1,72,1,11
1,1,Male,39,2,0.4,1,72,1,12
1,1,Male,46,2,1.65,1,72,1,1
1,1,Male,46,2,1.65,1,72,1,2
1,1,Male,46,2,1.65,1,72,1,3
1,1,Male,46,2,1.65,1,72,1,4
1,1,Male,46,2,1.65,1,72,1,5
1,1,Male,46,2,1.65,1,72,1,6
1,1,Male,46,2,1.65,1,72,1,7
1,1,Male,46,2,1.65,1,72,1,8
1,1,Male,46,2,1.65,1,72,1,9
1,1,Male,46,2,1.65,1,72,1,10
1,1,Male,46,2,1.65,1,72,1,11
1,1,Male,46,2,1.65,1,72,1,12
1,1,Female,25,2,0.733333333,1,72,1,1
1,1,Female,25,2,0.733333333,1,72,1,2
1,1,Female,25,2,0.733333333,1,72,1,3
1,1,Female,25,2,0.733333333,1,72,0,4
1,1,Female,25,2,0.733333333,1,72,0,5
1,1,Female,25,2,0.733333333,1,72,0,6
1,1,Female,25,2,0.733333333,1,72,1,7
1,1,Female,25,2,0.733333333,1,72,1,8
1,1,Female,25,2,0.733333333,1,72,1,9
1,1,Female,25,2,0.733333333,1,72,1,10
1,1,Female,25,2,0.733333333,1,72,1,11
1,1,Female,25,2,0.733333333,1,72,1,12
1,1,Male,25,2,0.816666667,1,72,0,1
1,1,Male,25,2,0.816666667,1,72,0,2
1,1,Male,25,2,0.816666667,1,72,0,3
1,1,Male,25,2,0.816666667,1,72,0,4
1,1,Male,25,2,0.816666667,1,72,1,5
1,1,Male,25,2,0.816666667,1,72,1,6
1,1,Male,25,2,0.816666667,1,72,0,7
1,1,Male,25,2,0.816666667,1,72,0,8
1,1,Male,25,2,0.816666667,1,72,1,9
1,1,Male,25,2,0.816666667,1,72,1,10
1,1,Male,25,2,0.816666667,1,72,1,11
1,1,Male,25,2,0.816666667,1,72,1,12
1,1,Male,58,2,0.15,1,72,1,1
1,1,Male,58,2,0.15,1,72,0,2
1,1,Male,58,2,0.15,1,72,0,3
1,1,Male,58,2,0.15,1,72,0,4
1,1,Male,58,2,0.15,1,72,0,5
1,1,Male,58,2,0.15,1,72,1,6
1,1,Male,58,2,0.15,1,72,0,7
1,1,Male,58,2,0.15,1,72,0,8
1,1,Male,58,2,0.15,1,72,1,9
1,1,Male,58,2,0.15,1,72,0,10
1,1,Male,58,2,0.15,1,72,1,11
1,1,Male,58,2,0.15,1,72,0,12
1,1,Female,35,2,0.383333333,1,72,1,1
1,1,Female,35,2,0.383333333,1,72,1,2
1,1,Female,35,2,0.383333333,1,72,1,3
1,1,Female,35,2,0.383333333,1,72,0,4
1,1,Female,35,2,0.383333333,1,72,1,5
1,1,Female,35,2,0.383333333,1,72,1,6
1,1,Female,35,2,0.383333333,1,72,0,7
1,1,Female,35,2,0.383333333,1,72,1,8
1,1,Female,35,2,0.383333333,1,72,1,9
1,1,Female,35,2,0.383333333,1,72,1,10
1,1,Female,35,2,0.383333333,1,72,1,11
1,1,Female,35,2,0.383333333,1,72,0,12
1,1,Female,35,2,0.416666667,1,72,1,1
1,1,Female,35,2,0.416666667,1,72,1,2
1,1,Female,35,2,0.416666667,1,72,1,3
1,1,Female,35,2,0.416666667,1,72,1,4
1,1,Female,35,2,0.416666667,1,72,1,5
1,1,Female,35,2,0.416666667,1,72,1,6
1,1,Female,35,2,0.416666667,1,72,1,7
1,1,Female,35,2,0.416666667,1,72,1,8
1,1,Female,35,2,0.416666667,1,72,1,9
1,1,Female,35,2,0.416666667,1,72,1,10
1,1,Female,35,2,0.416666667,1,72,1,11
1,1,Female,35,2,0.416666667,1,72,1,12
1,1,Female,46,2,0.116666667,1,72,1,1
1,1,Female,46,2,0.116666667,1,72,1,2
1,1,Female,46,2,0.116666667,1,72,1,3
1,1,Female,46,2,0.116666667,1,72,0,4
1,1,Female,46,2,0.116666667,1,72,1,5
1,1,Female,46,2,0.116666667,1,72,0,6
1,1,Female,46,2,0.116666667,1,72,0,7
1,1,Female,46,2,0.116666667,1,72,1,8
1,1,Female,46,2,0.116666667,1,72,1,9
1,1,Female,46,2,0.116666667,1,72,0,10
1,1,Female,46,2,0.116666667,1,72,0,11
1,1,Female,46,2,0.116666667,1,72,1,12
1,1,Male,34,2,7.5,1,72,1,1
1,1,Male,34,2,7.5,1,72,1,2
1,1,Male,34,2,7.5,1,72,1,3
1,1,Male,34,2,7.5,1,72,1,4
1,1,Male,34,2,7.5,1,72,1,5
1,1,Male,34,2,7.5,1,72,1,6
1,1,Male,34,2,7.5,1,72,1,7
1,1,Male,34,2,7.5,1,72,1,8
1,1,Male,34,2,7.5,1,72,1,9
1,1,Male,34,2,7.5,1,72,1,10
1,1,Male,34,2,7.5,1,72,1,11
1,1,Male,34,2,7.5,1,72,1,12
1,1,Male,45,2,0.716666667,1,72,1,1
1,1,Male,45,2,0.716666667,1,72,1,2
1,1,Male,45,2,0.716666667,1,72,1,3
1,1,Male,45,2,0.716666667,1,72,0,4
1,1,Male,45,2,0.716666667,1,72,0,5
1,1,Male,45,2,0.716666667,1,72,1,6
1,1,Male,45,2,0.716666667,1,72,1,7
1,1,Male,45,2,0.716666667,1,72,1,8
1,1,Male,45,2,0.716666667,1,72,0,9
1,1,Male,45,2,0.716666667,1,72,1,10
1,1,Male,45,2,0.716666667,1,72,0,11
1,1,Male,45,2,0.716666667,1,72,1,12
1,1,Female,25,2,1.133333333,1,72,1,1
1,1,Female,25,2,1.133333333,1,72,1,2
1,1,Female,25,2,1.133333333,1,72,1,3
1,1,Female,25,2,1.133333333,1,72,1,4
1,1,Female,25,2,1.133333333,1,72,1,5
1,1,Female,25,2,1.133333333,1,72,1,6
1,1,Female,25,2,1.133333333,1,72,1,7
1,1,Female,25,2,1.133333333,1,72,1,8
1,1,Female,25,2,1.133333333,1,72,1,9
1,1,Female,25,2,1.133333333,1,72,1,10
1,1,Female,25,2,1.133333333,1,72,1,11
1,1,Female,25,2,1.133333333,1,72,1,12
1,1,Female,25,2,1.016666667,1,72,1,1
1,1,Female,25,2,1.016666667,1,72,1,2
1,1,Female,25,2,1.016666667,1,72,1,3
1,1,Female,25,2,1.016666667,1,72,1,4
1,1,Female,25,2,1.016666667,1,72,1,5
1,1,Female,25,2,1.016666667,1,72,1,6
1,1,Female,25,2,1.016666667,1,72,1,7
1,1,Female,25,2,1.016666667,1,72,1,8
1,1,Female,25,2,1.016666667,1,72,1,9
1,1,Female,25,2,1.016666667,1,72,1,10
1,1,Female,25,2,1.016666667,1,72,1,11
1,1,Female,25,2,1.016666667,1,72,1,12
1,1,Female,25,2,0.5,1,72,1,1
1,1,Female,25,2,0.5,1,72,1,2
1,1,Female,25,2,0.5,1,72,1,3
1,1,Female,25,2,0.5,1,72,1,4
1,1,Female,25,2,0.5,1,72,1,5
1,1,Female,25,2,0.5,1,72,1,6
1,1,Female,25,2,0.5,1,72,1,7
1,1,Female,25,2,0.5,1,72,1,8
1,1,Female,25,2,0.5,1,72,1,9
1,1,Female,25,2,0.5,1,72,1,10
1,1,Female,25,2,0.5,1,72,1,11
1,1,Female,25,2,0.5,1,72,1,12
1,1,Female,35,2,0.433333333,1,72,1,1
1,1,Female,35,2,0.433333333,1,72,1,2
1,1,Female,35,2,0.433333333,1,72,1,3
1,1,Female,35,2,0.433333333,1,72,1,4
1,1,Female,35,2,0.433333333,1,72,1,5
1,1,Female,35,2,0.433333333,1,72,1,6
1,1,Female,35,2,0.433333333,1,72,1,7
1,1,Female,35,2,0.433333333,1,72,1,8
1,1,Female,35,2,0.433333333,1,72,1,9
1,1,Female,35,2,0.433333333,1,72,1,10
1,1,Female,35,2,0.433333333,1,72,1,11
1,1,Female,35,2,0.433333333,1,72,1,12
1,1,Male,45,2,2.2,1,72,1,1
1,1,Male,45,2,2.2,1,72,1,2
1,1,Male,45,2,2.2,1,72,1,3
1,1,Male,45,2,2.2,1,72,1,4
1,1,Male,45,2,2.2,1,72,1,5
1,1,Male,45,2,2.2,1,72,1,6
1,1,Male,45,2,2.2,1,72,1,7
1,1,Male,45,2,2.2,1,72,1,8
1,1,Male,45,2,2.2,1,72,1,9
1,1,Male,45,2,2.2,1,72,1,10
1,1,Male,45,2,2.2,1,72,1,11
1,1,Male,45,2,2.2,1,72,1,12
1,1,Female,30,2,1.066666667,1,72,0,1
1,1,Female,30,2,1.066666667,1,72,1,2
1,1,Female,30,2,1.066666667,1,72,1,3
1,1,Female,30,2,1.066666667,1,72,0,4
1,1,Female,30,2,1.066666667,1,72,0,5
1,1,Female,30,2,1.066666667,1,72,1,6
1,1,Female,30,2,1.066666667,1,72,0,7
1,1,Female,30,2,1.066666667,1,72,0,8
1,1,Female,30,2,1.066666667,1,72,0,9
1,1,Female,30,2,1.066666667,1,72,1,10
1,1,Female,30,2,1.066666667,1,72,0,11
1,1,Female,30,2,1.066666667,1,72,0,12
1,1,Male,30,2,0.716666667,1,72,1,1
1,1,Male,30,2,0.716666667,1,72,1,2
1,1,Male,30,2,0.716666667,1,72,1,3
1,1,Male,30,2,0.716666667,1,72,1,4
1,1,Male,30,2,0.716666667,1,72,1,5
1,1,Male,30,2,0.716666667,1,72,1,6
1,1,Male,30,2,0.716666667,1,72,1,7
1,1,Male,30,2,0.716666667,1,72,1,8
1,1,Male,30,2,0.716666667,1,72,1,9
1,1,Male,30,2,0.716666667,1,72,1,10
1,1,Male,30,2,0.716666667,1,72,1,11
1,1,Male,30,2,0.716666667,1,72,1,12
1,1,Male,25,2,1.583333333,1,72,1,1
1,1,Male,25,2,1.583333333,1,72,1,2
1,1,Male,25,2,1.583333333,1,72,1,3
1,1,Male,25,2,1.583333333,1,72,1,4
1,1,Male,25,2,1.583333333,1,72,1,5
1,1,Male,25,2,1.583333333,1,72,1,6
1,1,Male,25,2,1.583333333,1,72,1,7
1,1,Male,25,2,1.583333333,1,72,1,8
1,1,Male,25,2,1.583333333,1,72,1,9
1,1,Male,25,2,1.583333333,1,72,1,10
1,1,Male,25,2,1.583333333,1,72,1,11
1,1,Male,25,2,1.583333333,1,72,1,12
1,1,Male,44,2,1.116666667,1,72,1,1
1,1,Male,44,2,1.116666667,1,72,1,2
1,1,Male,44,2,1.116666667,1,72,1,3
1,1,Male,44,2,1.116666667,1,72,1,4
1,1,Male,44,2,1.116666667,1,72,1,5
1,1,Male,44,2,1.116666667,1,72,1,6
1,1,Male,44,2,1.116666667,1,72,1,7
1,1,Male,44,2,1.116666667,1,72,1,8
1,1,Male,44,2,1.116666667,1,72,1,9
1,1,Male,44,2,1.116666667,1,72,1,10
1,1,Male,44,2,1.116666667,1,72,1,11
1,1,Male,44,2,1.116666667,1,72,1,12
1,1,Female,32,2,0.7,1,72,1,1
1,1,Female,32,2,0.7,1,72,1,2
1,1,Female,32,2,0.7,1,72,1,3
1,1,Female,32,2,0.7,1,72,1,4
1,1,Female,32,2,0.7,1,72,1,5
1,1,Female,32,2,0.7,1,72,1,6
1,1,Female,32,2,0.7,1,72,0,7
1,1,Female,32,2,0.7,1,72,1,8
1,1,Female,32,2,0.7,1,72,1,9
1,1,Female,32,2,0.7,1,72,1,10
1,1,Female,32,2,0.7,1,72,1,11
1,1,Female,32,2,0.7,1,72,1,12
1,1,Male,45,2,1.016666667,1,72,1,1
1,1,Male,45,2,1.016666667,1,72,1,2
1,1,Male,45,2,1.016666667,1,72,1,3
1,1,Male,45,2,1.016666667,1,72,1,4
1,1,Male,45,2,1.016666667,1,72,1,5
1,1,Male,45,2,1.016666667,1,72,1,6
1,1,Male,45,2,1.016666667,1,72,1,7
1,1,Male,45,2,1.016666667,1,72,1,8
1,1,Male,45,2,1.016666667,1,72,1,9
1,1,Male,45,2,1.016666667,1,72,1,10
1,1,Male,45,2,1.016666667,1,72,1,11
1,1,Male,45,2,1.016666667,1,72,1,12
1,1,Male,34,2,0.533333333,1,72,1,1
1,1,Male,34,2,0.533333333,1,72,1,2
1,1,Male,34,2,0.533333333,1,72,1,3
1,1,Male,34,2,0.533333333,1,72,1,4
1,1,Male,34,2,0.533333333,1,72,1,5
1,1,Male,34,2,0.533333333,1,72,1,6
1,1,Male,34,2,0.533333333,1,72,1,7
1,1,Male,34,2,0.533333333,1,72,1,8
1,1,Male,34,2,0.533333333,1,72,1,9
1,1,Male,34,2,0.533333333,1,72,1,10
1,1,Male,34,2,0.533333333,1,72,1,11
1,1,Male,34,2,0.533333333,1,72,1,12
1,1,Male,34,2,0.7,1,72,1,1
1,1,Male,34,2,0.7,1,72,1,2
1,1,Male,34,2,0.7,1,72,1,3
1,1,Male,34,2,0.7,1,72,1,4
1,1,Male,34,2,0.7,1,72,1,5
1,1,Male,34,2,0.7,1,72,1,6
1,1,Male,34,2,0.7,1,72,1,7
1,1,Male,34,2,0.7,1,72,1,8
1,1,Male,34,2,0.7,1,72,1,9
1,1,Male,34,2,0.7,1,72,1,10
1,1,Male,34,2,0.7,1,72,1,11
1,1,Male,34,2,0.7,1,72,1,12
1,1,Female,65,2,0.783333333,1,72,1,1
1,1,Female,65,2,0.783333333,1,72,1,2
1,1,Female,65,2,0.783333333,1,72,1,3
1,1,Female,65,2,0.783333333,1,72,1,4
1,1,Female,65,2,0.783333333,1,72,1,5
1,1,Female,65,2,0.783333333,1,72,1,6
1,1,Female,65,2,0.783333333,1,72,1,7
1,1,Female,65,2,0.783333333,1,72,1,8
1,1,Female,65,2,0.783333333,1,72,1,9
1,1,Female,65,2,0.783333333,1,72,1,10
1,1,Female,65,2,0.783333333,1,72,1,11
1,1,Female,65,2,0.783333333,1,72,1,12
1,1,Male,25,2,2.366666667,1,72,1,1
1,1,Male,25,2,2.366666667,1,72,1,2
1,1,Male,25,2,2.366666667,1,72,1,3
1,1,Male,25,2,2.366666667,1,72,1,4
1,1,Male,25,2,2.366666667,1,72,1,5
1,1,Male,25,2,2.366666667,1,72,1,6
1,1,Male,25,2,2.366666667,1,72,1,7
1,1,Male,25,2,2.366666667,1,72,1,8
1,1,Male,25,2,2.366666667,1,72,1,9
1,1,Male,25,2,2.366666667,1,72,1,10
1,1,Male,25,2,2.366666667,1,72,1,11
1,1,Male,25,2,2.366666667,1,72,1,12
1,1,Male,40,2,0.9,1,72,1,1
1,1,Male,40,2,0.9,1,72,1,2
1,1,Male,40,2,0.9,1,72,1,3
1,1,Male,40,2,0.9,1,72,1,4
1,1,Male,40,2,0.9,1,72,1,5
1,1,Male,40,2,0.9,1,72,1,6
1,1,Male,40,2,0.9,1,72,1,7
1,1,Male,40,2,0.9,1,72,1,8
1,1,Male,40,2,0.9,1,72,1,9
1,1,Male,40,2,0.9,1,72,1,10
1,1,Male,40,2,0.9,1,72,1,11
1,1,Male,40,2,0.9,1,72,1,12
1,1,Male,35,2,0.4,1,72,1,1
1,1,Male,35,2,0.4,1,72,1,2
1,1,Male,35,2,0.4,1,72,1,3
1,1,Male,35,2,0.4,1,72,1,4
1,1,Male,35,2,0.4,1,72,1,5
1,1,Male,35,2,0.4,1,72,0,6
1,1,Male,35,2,0.4,1,72,1,7
1,1,Male,35,2,0.4,1,72,1,8
1,1,Male,35,2,0.4,1,72,1,9
1,1,Male,35,2,0.4,1,72,0,10
1,1,Male,35,2,0.4,1,72,1,11
1,1,Male,35,2,0.4,1,72,0,12
1,1,Male,50,2,0.366666667,1,72,1,1
1,1,Male,50,2,0.366666667,1,72,1,2
1,1,Male,50,2,0.366666667,1,72,1,3
1,1,Male,50,2,0.366666667,1,72,1,4
1,1,Male,50,2,0.366666667,1,72,1,5
1,1,Male,50,2,0.366666667,1,72,1,6
1,1,Male,50,2,0.366666667,1,72,1,7
1,1,Male,50,2,0.366666667,1,72,1,8
1,1,Male,50,2,0.366666667,1,72,1,9
1,1,Male,50,2,0.366666667,1,72,1,10
1,1,Male,50,2,0.366666667,1,72,1,11
1,1,Male,50,2,0.366666667,1,72,1,12
1,1,Male,,2,0.45,1,72,1,1
1,1,Male,,2,0.45,1,72,1,2
1,1,Male,,2,0.45,1,72,1,3
1,1,Male,,2,0.45,1,72,1,4
1,1,Male,,2,0.45,1,72,1,5
1,1,Male,,2,0.45,1,72,1,6
1,1,Male,,2,0.45,1,72,1,7
1,1,Male,,2,0.45,1,72,1,8
1,1,Male,,2,0.45,1,72,1,9
1,1,Male,,2,0.45,1,72,1,10
1,1,Male,,2,0.45,1,72,1,11
1,1,Male,,2,0.45,1,72,1,12
1,1,Male,54,2,0.95,1,72,1,1
1,1,Male,54,2,0.95,1,72,1,2
1,1,Male,54,2,0.95,1,72,1,3
1,1,Male,54,2,0.95,1,72,1,4
1,1,Male,54,2,0.95,1,72,1,5
1,1,Male,54,2,0.95,1,72,1,6
1,1,Male,54,2,0.95,1,72,1,7
1,1,Male,54,2,0.95,1,72,1,8
1,1,Male,54,2,0.95,1,72,1,9
1,1,Male,54,2,0.95,1,72,1,10
1,1,Male,54,2,0.95,1,72,1,11
1,1,Male,54,2,0.95,1,72,1,12
1,1,Female,36,2,0.783333333,1,72,1,1
1,1,Female,36,2,0.783333333,1,72,1,2
1,1,Female,36,2,0.783333333,1,72,1,3
1,1,Female,36,2,0.783333333,1,72,1,4
1,1,Female,36,2,0.783333333,1,72,1,5
1,1,Female,36,2,0.783333333,1,72,1,6
1,1,Female,36,2,0.783333333,1,72,1,7
1,1,Female,36,2,0.783333333,1,72,1,8
1,1,Female,36,2,0.783333333,1,72,1,9
1,1,Female,36,2,0.783333333,1,72,1,10
1,1,Female,36,2,0.783333333,1,72,1,11
1,1,Female,36,2,0.783333333,1,72,1,12
1,1,Female,68,2,1.216666667,1,72,1,1
1,1,Female,68,2,1.216666667,1,72,1,2
1,1,Female,68,2,1.216666667,1,72,1,3
1,1,Female,68,2,1.216666667,1,72,1,4
1,1,Female,68,2,1.216666667,1,72,1,5
1,1,Female,68,2,1.216666667,1,72,0,6
1,1,Female,68,2,1.216666667,1,72,1,7
1,1,Female,68,2,1.216666667,1,72,1,8
1,1,Female,68,2,1.216666667,1,72,1,9
1,1,Female,68,2,1.216666667,1,72,1,10
1,1,Female,68,2,1.216666667,1,72,1,11
1,1,Female,68,2,1.216666667,1,72,1,12
1,1,Male,35,2,0.283333333,1,72,1,1
1,1,Male,35,2,0.283333333,1,72,1,2
1,1,Male,35,2,0.283333333,1,72,1,3
1,1,Male,35,2,0.283333333,1,72,0,4
1,1,Male,35,2,0.283333333,1,72,1,5
1,1,Male,35,2,0.283333333,1,72,0,6
1,1,Male,35,2,0.283333333,1,72,1,7
1,1,Male,35,2,0.283333333,1,72,0,8
1,1,Male,35,2,0.283333333,1,72,1,9
1,1,Male,35,2,0.283333333,1,72,0,10
1,1,Male,35,2,0.283333333,1,72,1,11
1,1,Male,35,2,0.283333333,1,72,0,12
2,1,Female,46,4,1.2,2,80,1,1
2,2,Female,46,4,1.2,2,80,1,2
2,1,Female,46,4,1.2,2,80,1,3
2,1,Female,46,4,1.2,2,80,1,4
2,2,Female,46,4,1.2,2,80,1,5
2,2,Female,46,4,1.2,2,80,1,6
2,2,Female,46,4,1.2,2,80,1,7
2,1,Female,46,4,1.2,2,80,1,8
2,2,Female,46,4,1.2,2,80,1,9
2,2,Female,46,4,1.2,2,80,1,10
2,2,Female,46,4,1.2,2,80,1,11
2,2,Female,46,4,1.2,2,80,1,12
2,1,Female,57,4,1.683333333,2,80,1,1
2,2,Female,57,4,1.683333333,2,80,1,2
2,1,Female,57,4,1.683333333,2,80,1,3
2,1,Female,57,4,1.683333333,2,80,1,4
2,2,Female,57,4,1.683333333,2,80,1,5
2,2,Female,57,4,1.683333333,2,80,1,6
2,2,Female,57,4,1.683333333,2,80,1,7
2,1,Female,57,4,1.683333333,2,80,1,8
2,2,Female,57,4,1.683333333,2,80,1,9
2,2,Female,57,4,1.683333333,2,80,1,10
2,2,Female,57,4,1.683333333,2,80,1,11
2,2,Female,57,4,1.683333333,2,80,1,12
2,1,Female,35,4,0.4,2,80,1,1
2,2,Female,35,4,0.4,2,80,0,2
2,1,Female,35,4,0.4,2,80,1,3
2,1,Female,35,4,0.4,2,80,1,4
2,2,Female,35,4,0.4,2,80,1,5
2,2,Female,35,4,0.4,2,80,1,6
2,2,Female,35,4,0.4,2,80,1,7
2,1,Female,35,4,0.4,2,80,1,8
2,2,Female,35,4,0.4,2,80,0,9
2,2,Female,35,4,0.4,2,80,0,10
2,2,Female,35,4,0.4,2,80,1,11
2,2,Female,35,4,0.4,2,80,1,12
2,1,Male,29,4,0.85,2,80,1,1
2,2,Male,29,4,0.85,2,80,1,2
2,1,Male,29,4,0.85,2,80,0,3
2,1,Male,29,4,0.85,2,80,1,4
2,2,Male,29,4,0.85,2,80,1,5
2,2,Male,29,4,0.85,2,80,1,6
2,2,Male,29,4,0.85,2,80,0,7
2,1,Male,29,4,0.85,2,80,0,8
2,2,Male,29,4,0.85,2,80,1,9
2,2,Male,29,4,0.85,2,80,0,10
2,2,Male,29,4,0.85,2,80,1,11
2,2,Male,29,4,0.85,2,80,0,12
2,1,Female,48,4,1.7,2,80,1,1
2,2,Female,48,4,1.7,2,80,1,2
2,1,Female,48,4,1.7,2,80,1,3
2,1,Female,48,4,1.7,2,80,1,4
2,2,Female,48,4,1.7,2,80,1,5
2,2,Female,48,4,1.7,2,80,1,6
2,2,Female,48,4,1.7,2,80,1,7
2,1,Female,48,4,1.7,2,80,1,8
2,2,Female,48,4,1.7,2,80,1,9
2,2,Female,48,4,1.7,2,80,1,10
2,2,Female,48,4,1.7,2,80,1,11
2,2,Female,48,4,1.7,2,80,1,12
2,1,Male,41,4,0.25,2,80,0,1
2,2,Male,41,4,0.25,2,80,0,2
2,1,Male,41,4,0.25,2,80,1,3
2,1,Male,41,4,0.25,2,80,1,4
2,2,Male,41,4,0.25,2,80,1,5
2,2,Male,41,4,0.25,2,80,0,6
2,2,Male,41,4,0.25,2,80,1,7
2,1,Male,41,4,0.25,2,80,1,8
2,2,Male,41,4,0.25,2,80,0,9
2,2,Male,41,4,0.25,2,80,1,10
2,2,Male,41,4,0.25,2,80,1,11
2,2,Male,41,4,0.25,2,80,1,12
2,1,Male,35,4,0.766666667,2,80,0,1
2,2,Male,35,4,0.766666667,2,80,1,2
2,1,Male,35,4,0.766666667,2,80,0,3
2,1,Male,35,4,0.766666667,2,80,1,4
2,2,Male,35,4,0.766666667,2,80,1,5
2,2,Male,35,4,0.766666667,2,80,0,6
2,2,Male,35,4,0.766666667,2,80,0,7
2,1,Male,35,4,0.766666667,2,80,0,8
2,2,Male,35,4,0.766666667,2,80,1,9
2,2,Male,35,4,0.766666667,2,80,1,10
2,2,Male,35,4,0.766666667,2,80,0,11
2,2,Male,35,4,0.766666667,2,80,1,12
2,1,Female,35,4,0.366666667,2,80,1,1
2,2,Female,35,4,0.366666667,2,80,0,2
2,1,Female,35,4,0.366666667,2,80,0,3
2,1,Female,35,4,0.366666667,2,80,1,4
2,2,Female,35,4,0.366666667,2,80,1,5
2,2,Female,35,4,0.366666667,2,80,1,6
2,2,Female,35,4,0.366666667,2,80,0,7
2,1,Female,35,4,0.366666667,2,80,0,8
2,2,Female,35,4,0.366666667,2,80,1,9
2,2,Female,35,4,0.366666667,2,80,1,10
2,2,Female,35,4,0.366666667,2,80,0,11
2,2,Female,35,4,0.366666667,2,80,1,12
2,1,Female,25,4,1.766666667,2,80,1,1
2,2,Female,25,4,1.766666667,2,80,1,2
2,1,Female,25,4,1.766666667,2,80,1,3
2,1,Female,25,4,1.766666667,2,80,1,4
2,2,Female,25,4,1.766666667,2,80,1,5
2,2,Female,25,4,1.766666667,2,80,1,6
2,2,Female,25,4,1.766666667,2,80,1,7
2,1,Female,25,4,1.766666667,2,80,1,8
2,2,Female,25,4,1.766666667,2,80,1,9
2,2,Female,25,4,1.766666667,2,80,1,10
2,2,Female,25,4,1.766666667,2,80,1,11
2,2,Female,25,4,1.766666667,2,80,1,12
2,1,Female,37,4,0.566666667,2,80,1,1
2,2,Female,37,4,0.566666667,2,80,1,2
2,1,Female,37,4,0.566666667,2,80,1,3
2,1,Female,37,4,0.566666667,2,80,1,4
2,2,Female,37,4,0.566666667,2,80,1,5
2,2,Female,37,4,0.566666667,2,80,0,6
2,2,Female,37,4,0.566666667,2,80,1,7
2,1,Female,37,4,0.566666667,2,80,1,8
2,2,Female,37,4,0.566666667,2,80,0,9
2,2,Female,37,4,0.566666667,2,80,1,10
2,2,Female,37,4,0.566666667,2,80,1,11
2,2,Female,37,4,0.566666667,2,80,1,12
2,1,Male,50,4,1.833333333,2,80,1,1
2,2,Male,50,4,1.833333333,2,80,1,2
2,1,Male,50,4,1.833333333,2,80,1,3
2,1,Male,50,4,1.833333333,2,80,1,4
2,2,Male,50,4,1.833333333,2,80,1,5
2,2,Male,50,4,1.833333333,2,80,1,6
2,2,Male,50,4,1.833333333,2,80,1,7
2,1,Male,50,4,1.833333333,2,80,1,8
2,2,Male,50,4,1.833333333,2,80,1,9
2,2,Male,50,4,1.833333333,2,80,1,10
2,2,Male,50,4,1.833333333,2,80,1,11
2,2,Male,50,4,1.833333333,2,80,1,12
2,1,Male,38,4,1.1,2,80,1,1
2,2,Male,38,4,1.1,2,80,1,2
2,1,Male,38,4,1.1,2,80,1,3
2,1,Male,38,4,1.1,2,80,1,4
2,2,Male,38,4,1.1,2,80,1,5
2,2,Male,38,4,1.1,2,80,1,6
2,2,Male,38,4,1.1,2,80,1,7
2,1,Male,38,4,1.1,2,80,1,8
2,2,Male,38,4,1.1,2,80,1,9
2,2,Male,38,4,1.1,2,80,1,10
2,2,Male,38,4,1.1,2,80,1,11
2,2,Male,38,4,1.1,2,80,1,12
2,1,Female,30,4,0.933333333,2,80,1,1
2,2,Female,30,4,0.933333333,2,80,1,2
2,1,Female,30,4,0.933333333,2,80,1,3
2,1,Female,30,4,0.933333333,2,80,1,4
2,2,Female,30,4,0.933333333,2,80,1,5
2,2,Female,30,4,0.933333333,2,80,1,6
2,2,Female,30,4,0.933333333,2,80,1,7
2,1,Female,30,4,0.933333333,2,80,1,8
2,2,Female,30,4,0.933333333,2,80,1,9
2,2,Female,30,4,0.933333333,2,80,1,10
2,2,Female,30,4,0.933333333,2,80,1,11
2,2,Female,30,4,0.933333333,2,80,1,12
2,1,Male,29,4,0.566666667,2,80,1,1
2,2,Male,29,4,0.566666667,2,80,1,2
2,1,Male,29,4,0.566666667,2,80,1,3
2,1,Male,29,4,0.566666667,2,80,1,4
2,2,Male,29,4,0.566666667,2,80,1,5
2,2,Male,29,4,0.566666667,2,80,1,6
2,2,Male,29,4,0.566666667,2,80,1,7
2,1,Male,29,4,0.566666667,2,80,1,8
2,2,Male,29,4,0.566666667,2,80,1,9
2,2,Male,29,4,0.566666667,2,80,1,10
2,2,Male,29,4,0.566666667,2,80,1,11
2,2,Male,29,4,0.566666667,2,80,1,12
2,1,Male,36,4,1.4,2,80,1,1
2,2,Male,36,4,1.4,2,80,1,2
2,1,Male,36,4,1.4,2,80,1,3
2,1,Male,36,4,1.4,2,80,1,4
2,2,Male,36,4,1.4,2,80,1,5
2,2,Male,36,4,1.4,2,80,1,6
2,2,Male,36,4,1.4,2,80,1,7
2,1,Male,36,4,1.4,2,80,1,8
2,2,Male,36,4,1.4,2,80,1,9
2,2,Male,36,4,1.4,2,80,1,10
2,2,Male,36,4,1.4,2,80,1,11
2,2,Male,36,4,1.4,2,80,1,12
2,1,Female,64,4,0.5,2,80,0,1
2,2,Female,64,4,0.5,2,80,1,2
2,1,Female,64,4,0.5,2,80,0,3
2,1,Female,64,4,0.5,2,80,1,4
2,2,Female,64,4,0.5,2,80,1,5
2,2,Female,64,4,0.5,2,80,1,6
2,2,Female,64,4,0.5,2,80,0,7
2,1,Female,64,4,0.5,2,80,1,8
2,2,Female,64,4,0.5,2,80,1,9
2,2,Female,64,4,0.5,2,80,0,10
2,2,Female,64,4,0.5,2,80,1,11
2,2,Female,64,4,0.5,2,80,1,12
2,1,Female,34,4,0.45,2,80,1,1
2,2,Female,34,4,0.45,2,80,1,2
2,1,Female,34,4,0.45,2,80,1,3
2,1,Female,34,4,0.45,2,80,1,4
2,2,Female,34,4,0.45,2,80,1,5
2,2,Female,34,4,0.45,2,80,1,6
2,2,Female,34,4,0.45,2,80,1,7
2,1,Female,34,4,0.45,2,80,1,8
2,2,Female,34,4,0.45,2,80,1,9
2,2,Female,34,4,0.45,2,80,1,10
2,2,Female,34,4,0.45,2,80,1,11
2,2,Female,34,4,0.45,2,80,1,12
2,1,Male,51,4,1.166666667,2,80,1,1
2,2,Male,51,4,1.166666667,2,80,1,2
2,1,Male,51,4,1.166666667,2,80,1,3
2,1,Male,51,4,1.166666667,2,80,1,4
2,2,Male,51,4,1.166666667,2,80,1,5
2,2,Male,51,4,1.166666667,2,80,1,6
2,2,Male,51,4,1.166666667,2,80,1,7
2,1,Male,51,4,1.166666667,2,80,1,8
2,2,Male,51,4,1.166666667,2,80,1,9
2,2,Male,51,4,1.166666667,2,80,1,10
2,2,Male,51,4,1.166666667,2,80,1,11
2,2,Male,51,4,1.166666667,2,80,1,12
2,1,Male,29,4,3.433333333,2,80,1,1
2,2,Male,29,4,3.433333333,2,80,1,2
2,1,Male,29,4,3.433333333,2,80,1,3
2,1,Male,29,4,3.433333333,2,80,1,4
2,2,Male,29,4,3.433333333,2,80,1,5
2,2,Male,29,4,3.433333333,2,80,1,6
2,2,Male,29,4,3.433333333,2,80,0,7
2,1,Male,29,4,3.433333333,2,80,0,8
2,2,Male,29,4,3.433333333,2,80,1,9
2,2,Male,29,4,3.433333333,2,80,0,10
2,2,Male,29,4,3.433333333,2,80,0,11
2,2,Male,29,4,3.433333333,2,80,0,12
2,1,Male,33,4,4.433333333,2,80,1,1
2,2,Male,33,4,4.433333333,2,80,1,2
2,1,Male,33,4,4.433333333,2,80,1,3
2,1,Male,33,4,4.433333333,2,80,1,4
2,2,Male,33,4,4.433333333,2,80,1,5
2,2,Male,33,4,4.433333333,2,80,1,6
2,2,Male,33,4,4.433333333,2,80,1,7
2,1,Male,33,4,4.433333333,2,80,1,8
2,2,Male,33,4,4.433333333,2,80,1,9
2,2,Male,33,4,4.433333333,2,80,1,10
2,2,Male,33,4,4.433333333,2,80,1,11
2,2,Male,33,4,4.433333333,2,80,1,12
2,1,Female,50,4,0.216666667,2,80,1,1
2,2,Female,50,4,0.216666667,2,80,1,2
2,1,Female,50,4,0.216666667,2,80,1,3
2,1,Female,50,4,0.216666667,2,80,1,4
2,2,Female,50,4,0.216666667,2,80,0,5
2,2,Female,50,4,0.216666667,2,80,1,6
2,2,Female,50,4,0.216666667,2,80,0,7
2,1,Female,50,4,0.216666667,2,80,1,8
2,2,Female,50,4,0.216666667,2,80,1,9
2,2,Female,50,4,0.216666667,2,80,0,10
2,2,Female,50,4,0.216666667,2,80,0,11
2,2,Female,50,4,0.216666667,2,80,0,12
2,1,Male,35,4,0.6,2,80,1,1
2,2,Male,35,4,0.6,2,80,1,2
2,1,Male,35,4,0.6,2,80,0,3
2,1,Male,35,4,0.6,2,80,0,4
2,2,Male,35,4,0.6,2,80,0,5
2,2,Male,35,4,0.6,2,80,1,6
2,2,Male,35,4,0.6,2,80,1,7
2,1,Male,35,4,0.6,2,80,0,8
2,2,Male,35,4,0.6,2,80,1,9
2,2,Male,35,4,0.6,2,80,0,10
2,2,Male,35,4,0.6,2,80,1,11
2,2,Male,35,4,0.6,2,80,0,12
2,1,Male,37,4,1.116666667,2,80,1,1
2,2,Male,37,4,1.116666667,2,80,1,2
2,1,Male,37,4,1.116666667,2,80,1,3
2,1,Male,37,4,1.116666667,2,80,1,4
2,2,Male,37,4,1.116666667,2,80,1,5
2,2,Male,37,4,1.116666667,2,80,1,6
2,2,Male,37,4,1.116666667,2,80,1,7
2,1,Male,37,4,1.116666667,2,80,1,8
2,2,Male,37,4,1.116666667,2,80,1,9
2,2,Male,37,4,1.116666667,2,80,1,10
2,2,Male,37,4,1.116666667,2,80,1,11
2,2,Male,37,4,1.116666667,2,80,1,12
2,1,Female,36,4,0.683333333,2,80,1,1
2,2,Female,36,4,0.683333333,2,80,1,2
2,1,Female,36,4,0.683333333,2,80,1,3
2,1,Female,36,4,0.683333333,2,80,1,4
2,2,Female,36,4,0.683333333,2,80,1,5
2,2,Female,36,4,0.683333333,2,80,1,6
2,2,Female,36,4,0.683333333,2,80,1,7
2,1,Female,36,4,0.683333333,2,80,1,8
2,2,Female,36,4,0.683333333,2,80,1,9
2,2,Female,36,4,0.683333333,2,80,1,10
2,2,Female,36,4,0.683333333,2,80,1,11
2,2,Female,36,4,0.683333333,2,80,1,12
2,1,Female,58,4,1.75,2,80,1,1
2,2,Female,58,4,1.75,2,80,1,2
2,1,Female,58,4,1.75,2,80,1,3
2,1,Female,58,4,1.75,2,80,1,4
2,2,Female,58,4,1.75,2,80,1,5
2,2,Female,58,4,1.75,2,80,1,6
2,2,Female,58,4,1.75,2,80,1,7
2,1,Female,58,4,1.75,2,80,1,8
2,2,Female,58,4,1.75,2,80,1,9
2,2,Female,58,4,1.75,2,80,1,10
2,2,Female,58,4,1.75,2,80,1,11
2,2,Female,58,4,1.75,2,80,1,12
2,1,Male,69,4,2.45,2,80,1,1
2,2,Male,69,4,2.45,2,80,1,2
2,1,Male,69,4,2.45,2,80,1,3
2,1,Male,69,4,2.45,2,80,1,4
2,2,Male,69,4,2.45,2,80,1,5
2,2,Male,69,4,2.45,2,80,1,6
2,2,Male,69,4,2.45,2,80,1,7
2,1,Male,69,4,2.45,2,80,1,8
2,2,Male,69,4,2.45,2,80,1,9
2,2,Male,69,4,2.45,2,80,1,10
2,2,Male,69,4,2.45,2,80,1,11
2,2,Male,69,4,2.45,2,80,1,12
2,1,Female,50,4,0.916666667,2,80,1,1
2,2,Female,50,4,0.916666667,2,80,1,2
2,1,Female,50,4,0.916666667,2,80,1,3
2,1,Female,50,4,0.916666667,2,80,1,4
2,2,Female,50,4,0.916666667,2,80,1,5
2,2,Female,50,4,0.916666667,2,80,0,6
2,2,Female,50,4,0.916666667,2,80,1,7
2,1,Female,50,4,0.916666667,2,80,1,8
2,2,Female,50,4,0.916666667,2,80,0,9
2,2,Female,50,4,0.916666667,2,80,1,10
2,2,Female,50,4,0.916666667,2,80,1,11
2,2,Female,50,4,0.916666667,2,80,1,12
2,1,Male,30,4,0.783333333,2,80,0,1
2,2,Male,30,4,0.783333333,2,80,1,2
2,1,Male,30,4,0.783333333,2,80,0,3
2,1,Male,30,4,0.783333333,2,80,1,4
2,2,Male,30,4,0.783333333,2,80,0,5
2,2,Male,30,4,0.783333333,2,80,0,6
2,2,Male,30,4,0.783333333,2,80,0,7
2,1,Male,30,4,0.783333333,2,80,1,8
2,2,Male,30,4,0.783333333,2,80,0,9
2,2,Male,30,4,0.783333333,2,80,1,10
2,2,Male,30,4,0.783333333,2,80,1,11
2,2,Male,30,4,0.783333333,2,80,1,12
2,1,Female,32,4,0.6,2,80,1,1
2,2,Female,32,4,0.6,2,80,1,2
2,1,Female,32,4,0.6,2,80,1,3
2,1,Female,32,4,0.6,2,80,1,4
2,2,Female,32,4,0.6,2,80,1,5
2,2,Female,32,4,0.6,2,80,1,6
2,2,Female,32,4,0.6,2,80,1,7
2,1,Female,32,4,0.6,2,80,1,8
2,2,Female,32,4,0.6,2,80,1,9
2,2,Female,32,4,0.6,2,80,1,10
2,2,Female,32,4,0.6,2,80,1,11
2,2,Female,32,4,0.6,2,80,1,12
2,1,Male,25,4,2.516666667,2,80,1,1
2,2,Male,25,4,2.516666667,2,80,1,2
2,1,Male,25,4,2.516666667,2,80,0,3
2,1,Male,25,4,2.516666667,2,80,1,4
2,2,Male,25,4,2.516666667,2,80,0,5
2,2,Male,25,4,2.516666667,2,80,0,6
2,2,Male,25,4,2.516666667,2,80,0,7
2,1,Male,25,4,2.516666667,2,80,0,8
2,2,Male,25,4,2.516666667,2,80,1,9
2,2,Male,25,4,2.516666667,2,80,1,10
2,2,Male,25,4,2.516666667,2,80,0,11
2,2,Male,25,4,2.516666667,2,80,1,12
4,1,Male,59,10,3.383333333,4,82,1,1
4,3,Male,59,10,3.383333333,4,82,1,2
4,1,Male,59,10,3.383333333,4,82,1,3
4,1,Male,59,10,3.383333333,4,82,1,4
4,4,Male,59,10,3.383333333,4,82,1,5
4,3,Male,59,10,3.383333333,4,82,1,6
4,3,Male,59,10,3.383333333,4,82,1,7
4,1,Male,59,10,3.383333333,4,82,1,8
4,3,Male,59,10,3.383333333,4,82,1,9
4,3,Male,59,10,3.383333333,4,82,1,10
4,3,Male,59,10,3.383333333,4,82,1,11
4,3,Male,59,10,3.383333333,4,82,1,12
4,1,Female,35,10,0.333333333,4,82,1,1
4,3,Female,35,10,0.333333333,4,82,1,2
4,1,Female,35,10,0.333333333,4,82,1,3
4,1,Female,35,10,0.333333333,4,82,0,4
4,4,Female,35,10,0.333333333,4,82,0,5
4,3,Female,35,10,0.333333333,4,82,1,6
4,3,Female,35,10,0.333333333,4,82,0,7
4,1,Female,35,10,0.333333333,4,82,0,8
4,3,Female,35,10,0.333333333,4,82,0,9
4,3,Female,35,10,0.333333333,4,82,1,10
4,3,Female,35,10,0.333333333,4,82,1,11
4,3,Female,35,10,0.333333333,4,82,1,12
4,1,Male,36,10,0.716666667,4,82,0,1
4,3,Male,36,10,0.716666667,4,82,1,2
4,1,Male,36,10,0.716666667,4,82,1,3
4,1,Male,36,10,0.716666667,4,82,1,4
4,4,Male,36,10,0.716666667,4,82,1,5
4,3,Male,36,10,0.716666667,4,82,1,6
4,3,Male,36,10,0.716666667,4,82,0,7
4,1,Male,36,10,0.716666667,4,82,0,8
4,3,Male,36,10,0.716666667,4,82,1,9
4,3,Male,36,10,0.716666667,4,82,1,10
4,3,Male,36,10,0.716666667,4,82,1,11
4,3,Male,36,10,0.716666667,4,82,0,12
4,1,Female,41,10,1.966666667,4,82,1,1
4,3,Female,41,10,1.966666667,4,82,1,2
4,1,Female,41,10,1.966666667,4,82,1,3
4,1,Female,41,10,1.966666667,4,82,1,4
4,4,Female,41,10,1.966666667,4,82,1,5
4,3,Female,41,10,1.966666667,4,82,0,6
4,3,Female,41,10,1.966666667,4,82,1,7
4,1,Female,41,10,1.966666667,4,82,1,8
4,3,Female,41,10,1.966666667,4,82,1,9
4,3,Female,41,10,1.966666667,4,82,1,10
4,3,Female,41,10,1.966666667,4,82,1,11
4,3,Female,41,10,1.966666667,4,82,1,12
4,1,Male,33,10,0.416666667,4,82,1,1
4,3,Male,33,10,0.416666667,4,82,1,2
4,1,Male,33,10,0.416666667,4,82,1,3
4,1,Male,33,10,0.416666667,4,82,0,4
4,4,Male,33,10,0.416666667,4,82,0,5
4,3,Male,33,10,0.416666667,4,82,0,6
4,3,Male,33,10,0.416666667,4,82,0,7
4,1,Male,33,10,0.416666667,4,82,1,8
4,3,Male,33,10,0.416666667,4,82,1,9
4,3,Male,33,10,0.416666667,4,82,0,10
4,3,Male,33,10,0.416666667,4,82,0,11
4,3,Male,33,10,0.416666667,4,82,0,12
4,1,Male,35,10,1.033333333,4,82,1,1
4,3,Male,35,10,1.033333333,4,82,0,2
4,1,Male,35,10,1.033333333,4,82,0,3
4,1,Male,35,10,1.033333333,4,82,0,4
4,4,Male,35,10,1.033333333,4,82,1,5
4,3,Male,35,10,1.033333333,4,82,1,6
4,3,Male,35,10,1.033333333,4,82,1,7
4,1,Male,35,10,1.033333333,4,82,1,8
4,3,Male,35,10,1.033333333,4,82,1,9
4,3,Male,35,10,1.033333333,4,82,1,10
4,3,Male,35,10,1.033333333,4,82,1,11
4,3,Male,35,10,1.033333333,4,82,1,12
4,1,Female,35,10,0.866666667,4,82,1,1
4,3,Female,35,10,0.866666667,4,82,1,2
4,1,Female,35,10,0.866666667,4,82,1,3
4,1,Female,35,10,0.866666667,4,82,0,4
4,4,Female,35,10,0.866666667,4,82,0,5
4,3,Female,35,10,0.866666667,4,82,1,6
4,3,Female,35,10,0.866666667,4,82,0,7
4,1,Female,35,10,0.866666667,4,82,1,8
4,3,Female,35,10,0.866666667,4,82,1,9
4,3,Female,35,10,0.866666667,4,82,1,10
4,3,Female,35,10,0.866666667,4,82,0,11
4,3,Female,35,10,0.866666667,4,82,1,12
4,1,Female,22,10,2.083333333,4,82,1,1
4,3,Female,22,10,2.083333333,4,82,0,2
4,1,Female,22,10,2.083333333,4,82,1,3
4,1,Female,22,10,2.083333333,4,82,0,4
4,4,Female,22,10,2.083333333,4,82,0,5
4,3,Female,22,10,2.083333333,4,82,0,6
4,3,Female,22,10,2.083333333,4,82,1,7
4,1,Female,22,10,2.083333333,4,82,1,8
4,3,Female,22,10,2.083333333,4,82,0,9
4,3,Female,22,10,2.083333333,4,82,0,10
4,3,Female,22,10,2.083333333,4,82,1,11
4,3,Female,22,10,2.083333333,4,82,1,12
4,1,Female,38,10,3.833333333,4,82,1,1
4,3,Female,38,10,3.833333333,4,82,1,2
4,1,Female,38,10,3.833333333,4,82,0,3
4,1,Female,38,10,3.833333333,4,82,1,4
4,4,Female,38,10,3.833333333,4,82,1,5
4,3,Female,38,10,3.833333333,4,82,1,6
4,3,Female,38,10,3.833333333,4,82,1,7
4,1,Female,38,10,3.833333333,4,82,1,8
4,3,Female,38,10,3.833333333,4,82,1,9
4,3,Female,38,10,3.833333333,4,82,1,10
4,3,Female,38,10,3.833333333,4,82,0,11
4,3,Female,38,10,3.833333333,4,82,0,12
4,1,Female,56,10,3.55,4,82,1,1
4,3,Female,56,10,3.55,4,82,1,2
4,1,Female,56,10,3.55,4,82,1,3
4,1,Female,56,10,3.55,4,82,1,4
4,4,Female,56,10,3.55,4,82,1,5
4,3,Female,56,10,3.55,4,82,1,6
4,3,Female,56,10,3.55,4,82,1,7
4,1,Female,56,10,3.55,4,82,1,8
4,3,Female,56,10,3.55,4,82,1,9
4,3,Female,56,10,3.55,4,82,1,10
4,3,Female,56,10,3.55,4,82,1,11
4,3,Female,56,10,3.55,4,82,1,12
4,1,Male,31,10,7.566666667,4,82,0,1
4,3,Male,31,10,7.566666667,4,82,0,2
4,1,Male,31,10,7.566666667,4,82,1,3
4,1,Male,31,10,7.566666667,4,82,0,4
4,4,Male,31,10,7.566666667,4,82,0,5
4,3,Male,31,10,7.566666667,4,82,1,6
4,3,Male,31,10,7.566666667,4,82,1,7
4,1,Male,31,10,7.566666667,4,82,1,8
4,3,Male,31,10,7.566666667,4,82,1,9
4,3,Male,31,10,7.566666667,4,82,1,10
4,3,Male,31,10,7.566666667,4,82,1,11
4,3,Male,31,10,7.566666667,4,82,0,12
4,1,Male,29,10,0.933333333,4,82,1,1
4,3,Male,29,10,0.933333333,4,82,1,2
4,1,Male,29,10,0.933333333,4,82,0,3
4,1,Male,29,10,0.933333333,4,82,1,4
4,4,Male,29,10,0.933333333,4,82,1,5
4,3,Male,29,10,0.933333333,4,82,1,6
4,3,Male,29,10,0.933333333,4,82,1,7
4,1,Male,29,10,0.933333333,4,82,1,8
4,3,Male,29,10,0.933333333,4,82,1,9
4,3,Male,29,10,0.933333333,4,82,0,10
4,3,Male,29,10,0.933333333,4,82,0,11
4,3,Male,29,10,0.933333333,4,82,1,12
4,1,Female,30,10,0.266666667,4,82,1,1
4,3,Female,30,10,0.266666667,4,82,1,2
4,1,Female,30,10,0.266666667,4,82,0,3
4,1,Female,30,10,0.266666667,4,82,1,4
4,4,Female,30,10,0.266666667,4,82,0,5
4,3,Female,30,10,0.266666667,4,82,0,6
4,3,Female,30,10,0.266666667,4,82,0,7
4,1,Female,30,10,0.266666667,4,82,1,8
4,3,Female,30,10,0.266666667,4,82,1,9
4,3,Female,30,10,0.266666667,4,82,1,10
4,3,Female,30,10,0.266666667,4,82,0,11
4,3,Female,30,10,0.266666667,4,82,0,12
4,1,Male,29,10,0.283333333,4,82,1,1
4,3,Male,29,10,0.283333333,4,82,0,2
4,1,Male,29,10,0.283333333,4,82,1,3
4,1,Male,29,10,0.283333333,4,82,1,4
4,4,Male,29,10,0.283333333,4,82,0,5
4,3,Male,29,10,0.283333333,4,82,1,6
4,3,Male,29,10,0.283333333,4,82,0,7
4,1,Male,29,10,0.283333333,4,82,1,8
4,3,Male,29,10,0.283333333,4,82,0,9
4,3,Male,29,10,0.283333333,4,82,0,10
4,3,Male,29,10,0.283333333,4,82,0,11
4,3,Male,29,10,0.283333333,4,82,0,12
4,1,Male,50,10,0.833333333,4,82,1,1
4,3,Male,50,10,0.833333333,4,82,0,2
4,1,Male,50,10,0.833333333,4,82,1,3
4,1,Male,50,10,0.833333333,4,82,1,4
4,4,Male,50,10,0.833333333,4,82,0,5
4,3,Male,50,10,0.833333333,4,82,1,6
4,3,Male,50,10,0.833333333,4,82,1,7
4,1,Male,50,10,0.833333333,4,82,1,8
4,3,Male,50,10,0.833333333,4,82,0,9
4,3,Male,50,10,0.833333333,4,82,1,10
4,3,Male,50,10,0.833333333,4,82,0,11
4,3,Male,50,10,0.833333333,4,82,0,12
4,1,Male,65,10,0.733333333,4,82,1,1
4,3,Male,65,10,0.733333333,4,82,1,2
4,1,Male,65,10,0.733333333,4,82,0,3
4,1,Male,65,10,0.733333333,4,82,1,4
4,4,Male,65,10,0.733333333,4,82,0,5
4,3,Male,65,10,0.733333333,4,82,1,6
4,3,Male,65,10,0.733333333,4,82,0,7
4,1,Male,65,10,0.733333333,4,82,0,8
4,3,Male,65,10,0.733333333,4,82,0,9
4,3,Male,65,10,0.733333333,4,82,1,10
4,3,Male,65,10,0.733333333,4,82,1,11
4,3,Male,65,10,0.733333333,4,82,1,12
4,1,Female,30,10,2.916666667,4,82,1,1
4,3,Female,30,10,2.916666667,4,82,1,2
4,1,Female,30,10,2.916666667,4,82,1,3
4,1,Female,30,10,2.916666667,4,82,1,4
4,4,Female,30,10,2.916666667,4,82,0,5
4,3,Female,30,10,2.916666667,4,82,0,6
4,3,Female,30,10,2.916666667,4,82,1,7
4,1,Female,30,10,2.916666667,4,82,0,8
4,3,Female,30,10,2.916666667,4,82,0,9
4,3,Female,30,10,2.916666667,4,82,1,10
4,3,Female,30,10,2.916666667,4,82,1,11
4,3,Female,30,10,2.916666667,4,82,1,12
4,1,Female,35,10,0.45,4,82,1,1
4,3,Female,35,10,0.45,4,82,0,2
4,1,Female,35,10,0.45,4,82,1,3
4,1,Female,35,10,0.45,4,82,0,4
4,4,Female,35,10,0.45,4,82,1,5
4,3,Female,35,10,0.45,4,82,1,6
4,3,Female,35,10,0.45,4,82,1,7
4,1,Female,35,10,0.45,4,82,1,8
4,3,Female,35,10,0.45,4,82,1,9
4,3,Female,35,10,0.45,4,82,1,10
4,3,Female,35,10,0.45,4,82,1,11
4,3,Female,35,10,0.45,4,82,0,12
4,1,Male,32,10,0.966666667,4,82,1,1
4,3,Male,32,10,0.966666667,4,82,0,2
4,1,Male,32,10,0.966666667,4,82,0,3
4,1,Male,32,10,0.966666667,4,82,1,4
4,4,Male,32,10,0.966666667,4,82,0,5
4,3,Male,32,10,0.966666667,4,82,1,6
4,3,Male,32,10,0.966666667,4,82,1,7
4,1,Male,32,10,0.966666667,4,82,1,8
4,3,Male,32,10,0.966666667,4,82,0,9
4,3,Male,32,10,0.966666667,4,82,0,10
4,3,Male,32,10,0.966666667,4,82,0,11
4,3,Male,32,10,0.966666667,4,82,0,12
4,1,Female,,10,3.716666667,4,82,1,1
4,3,Female,,10,3.716666667,4,82,1,2
4,1,Female,,10,3.716666667,4,82,1,3
4,1,Female,,10,3.716666667,4,82,0,4
4,4,Female,,10,3.716666667,4,82,0,5
4,3,Female,,10,3.716666667,4,82,1,6
4,3,Female,,10,3.716666667,4,82,1,7
4,1,Female,,10,3.716666667,4,82,1,8
4,3,Female,,10,3.716666667,4,82,1,9
4,3,Female,,10,3.716666667,4,82,1,10
4,3,Female,,10,3.716666667,4,82,1,11
4,3,Female,,10,3.716666667,4,82,1,12
4,1,Female,30,10,1.4,4,82,1,1
4,3,Female,30,10,1.4,4,82,1,2
4,1,Female,30,10,1.4,4,82,1,3
4,1,Female,30,10,1.4,4,82,1,4
4,4,Female,30,10,1.4,4,82,0,5
4,3,Female,30,10,1.4,4,82,1,6
4,3,Female,30,10,1.4,4,82,1,7
4,1,Female,30,10,1.4,4,82,1,8
4,3,Female,30,10,1.4,4,82,1,9
4,3,Female,30,10,1.4,4,82,1,10
4,3,Female,30,10,1.4,4,82,1,11
4,3,Female,30,10,1.4,4,82,0,12
4,1,Female,30,10,4.183333333,4,82,0,1
4,3,Female,30,10,4.183333333,4,82,0,2
4,1,Female,30,10,4.183333333,4,82,0,3
4,1,Female,30,10,4.183333333,4,82,1,4
4,4,Female,30,10,4.183333333,4,82,1,5
4,3,Female,30,10,4.183333333,4,82,1,6
4,3,Female,30,10,4.183333333,4,82,1,7
4,1,Female,30,10,4.183333333,4,82,1,8
4,3,Female,30,10,4.183333333,4,82,1,9
4,3,Female,30,10,4.183333333,4,82,0,10
4,3,Female,30,10,4.183333333,4,82,1,11
4,3,Female,30,10,4.183333333,4,82,0,12
4,1,Female,35,10,0.583333333,4,82,1,1
4,3,Female,35,10,0.583333333,4,82,1,2
4,1,Female,35,10,0.583333333,4,82,1,3
4,1,Female,35,10,0.583333333,4,82,1,4
4,4,Female,35,10,0.583333333,4,82,0,5
4,3,Female,35,10,0.583333333,4,82,1,6
4,3,Female,35,10,0.583333333,4,82,0,7
4,1,Female,35,10,0.583333333,4,82,0,8
4,3,Female,35,10,0.583333333,4,82,1,9
4,3,Female,35,10,0.583333333,4,82,0,10
4,3,Female,35,10,0.583333333,4,82,1,11
4,3,Female,35,10,0.583333333,4,82,0,12
4,1,Male,26,10,0.883333333,4,82,0,1
4,3,Male,26,10,0.883333333,4,82,1,2
4,1,Male,26,10,0.883333333,4,82,1,3
4,1,Male,26,10,0.883333333,4,82,0,4
4,4,Male,26,10,0.883333333,4,82,0,5
4,3,Male,26,10,0.883333333,4,82,0,6
4,3,Male,26,10,0.883333333,4,82,1,7
4,1,Male,26,10,0.883333333,4,82,0,8
4,3,Male,26,10,0.883333333,4,82,1,9
4,3,Male,26,10,0.883333333,4,82,1,10
4,3,Male,26,10,0.883333333,4,82,1,11
4,3,Male,26,10,0.883333333,4,82,1,12
4,1,Female,30,10,1.683333333,4,82,0,1
4,3,Female,30,10,1.683333333,4,82,0,2
4,1,Female,30,10,1.683333333,4,82,0,3
4,1,Female,30,10,1.683333333,4,82,0,4
4,4,Female,30,10,1.683333333,4,82,0,5
4,3,Female,30,10,1.683333333,4,82,1,6
4,3,Female,30,10,1.683333333,4,82,1,7
4,1,Female,30,10,1.683333333,4,82,1,8
4,3,Female,30,10,1.683333333,4,82,1,9
4,3,Female,30,10,1.683333333,4,82,0,10
4,3,Female,30,10,1.683333333,4,82,1,11
4,3,Female,30,10,1.683333333,4,82,1,12
4,1,Female,30,10,1.4,4,82,1,1
4,3,Female,30,10,1.4,4,82,1,2
4,1,Female,30,10,1.4,4,82,1,3
4,1,Female,30,10,1.4,4,82,0,4
4,4,Female,30,10,1.4,4,82,1,5
4,3,Female,30,10,1.4,4,82,0,6
4,3,Female,30,10,1.4,4,82,0,7
4,1,Female,30,10,1.4,4,82,1,8
4,3,Female,30,10,1.4,4,82,1,9
4,3,Female,30,10,1.4,4,82,0,10
4,3,Female,30,10,1.4,4,82,0,11
4,3,Female,30,10,1.4,4,82,1,12
4,1,Male,50,10,1.916666667,4,82,1,1
4,3,Male,50,10,1.916666667,4,82,1,2
4,1,Male,50,10,1.916666667,4,82,1,3
4,1,Male,50,10,1.916666667,4,82,1,4
4,4,Male,50,10,1.916666667,4,82,1,5
4,3,Male,50,10,1.916666667,4,82,0,6
4,3,Male,50,10,1.916666667,4,82,1,7
4,1,Male,50,10,1.916666667,4,82,1,8
4,3,Male,50,10,1.916666667,4,82,1,9
4,3,Male,50,10,1.916666667,4,82,1,10
4,3,Male,50,10,1.916666667,4,82,1,11
4,3,Male,50,10,1.916666667,4,82,1,12
3,1,Female,35,6,0.083333333,3,81,1,1
3,3,Female,35,6,0.083333333,3,81,1,2
3,1,Female,35,6,0.083333333,3,81,0,3
3,1,Female,35,6,0.083333333,3,81,1,4
3,2,Female,35,6,0.083333333,3,81,0,5
3,3,Female,35,6,0.083333333,3,81,0,6
3,2,Female,35,6,0.083333333,3,81,1,7
3,1,Female,35,6,0.083333333,3,81,0,8
3,3,Female,35,6,0.083333333,3,81,0,9
3,2,Female,35,6,0.083333333,3,81,0,10
3,2,Female,35,6,0.083333333,3,81,1,11
3,2,Female,35,6,0.083333333,3,81,1,12
3,1,Male,35,6,0.066666667,3,81,0,1
3,3,Male,35,6,0.066666667,3,81,0,2
3,1,Male,35,6,0.066666667,3,81,0,3
3,1,Male,35,6,0.066666667,3,81,1,4
3,2,Male,35,6,0.066666667,3,81,1,5
3,3,Male,35,6,0.066666667,3,81,1,6
3,2,Male,35,6,0.066666667,3,81,1,7
3,1,Male,35,6,0.066666667,3,81,1,8
3,3,Male,35,6,0.066666667,3,81,1,9
3,2,Male,35,6,0.066666667,3,81,1,10
3,2,Male,35,6,0.066666667,3,81,0,11
3,2,Male,35,6,0.066666667,3,81,1,12
3,1,Male,35,6,0.35,3,81,0,1
3,3,Male,35,6,0.35,3,81,0,2
3,1,Male,35,6,0.35,3,81,0,3
3,1,Male,35,6,0.35,3,81,1,4
3,2,Male,35,6,0.35,3,81,0,5
3,3,Male,35,6,0.35,3,81,1,6
3,2,Male,35,6,0.35,3,81,1,7
3,1,Male,35,6,0.35,3,81,1,8
3,3,Male,35,6,0.35,3,81,1,9
3,2,Male,35,6,0.35,3,81,0,10
3,2,Male,35,6,0.35,3,81,1,11
3,2,Male,35,6,0.35,3,81,0,12
3,1,Female,40,6,1.65,3,81,1,1
3,3,Female,40,6,1.65,3,81,1,2
3,1,Female,40,6,1.65,3,81,1,3
3,1,Female,40,6,1.65,3,81,1,4
3,2,Female,40,6,1.65,3,81,1,5
3,3,Female,40,6,1.65,3,81,1,6
3,2,Female,40,6,1.65,3,81,1,7
3,1,Female,40,6,1.65,3,81,1,8
3,3,Female,40,6,1.65,3,81,1,9
3,2,Female,40,6,1.65,3,81,1,10
3,2,Female,40,6,1.65,3,81,1,11
3,2,Female,40,6,1.65,3,81,1,12
3,1,Male,35,6,0.333333333,3,81,1,1
3,3,Male,35,6,0.333333333,3,81,1,2
3,1,Male,35,6,0.333333333,3,81,1,3
3,1,Male,35,6,0.333333333,3,81,0,4
3,2,Male,35,6,0.333333333,3,81,0,5
3,3,Male,35,6,0.333333333,3,81,1,6
3,2,Male,35,6,0.333333333,3,81,1,7
3,1,Male,35,6,0.333333333,3,81,0,8
3,3,Male,35,6,0.333333333,3,81,1,9
3,2,Male,35,6,0.333333333,3,81,0,10
3,2,Male,35,6,0.333333333,3,81,0,11
3,2,Male,35,6,0.333333333,3,81,0,12
3,1,Male,36,6,0.85,3,81,1,1
3,3,Male,36,6,0.85,3,81,1,2
3,1,Male,36,6,0.85,3,81,1,3
3,1,Male,36,6,0.85,3,81,1,4
3,2,Male,36,6,0.85,3,81,1,5
3,3,Male,36,6,0.85,3,81,1,6
3,2,Male,36,6,0.85,3,81,1,7
3,1,Male,36,6,0.85,3,81,1,8
3,3,Male,36,6,0.85,3,81,1,9
3,2,Male,36,6,0.85,3,81,1,10
3,2,Male,36,6,0.85,3,81,1,11
3,2,Male,36,6,0.85,3,81,1,12
3,1,Female,64,6,1.65,3,81,1,1
3,3,Female,64,6,1.65,3,81,1,2
3,1,Female,64,6,1.65,3,81,1,3
3,1,Female,64,6,1.65,3,81,1,4
3,2,Female,64,6,1.65,3,81,1,5
3,3,Female,64,6,1.65,3,81,1,6
3,2,Female,64,6,1.65,3,81,1,7
3,1,Female,64,6,1.65,3,81,1,8
3,3,Female,64,6,1.65,3,81,1,9
3,2,Female,64,6,1.65,3,81,1,10
3,2,Female,64,6,1.65,3,81,1,11
3,2,Female,64,6,1.65,3,81,1,12
3,1,Male,37,6,1.033333333,3,81,1,1
3,3,Male,37,6,1.033333333,3,81,1,2
3,1,Male,37,6,1.033333333,3,81,1,3
3,1,Male,37,6,1.033333333,3,81,1,4
3,2,Male,37,6,1.033333333,3,81,1,5
3,3,Male,37,6,1.033333333,3,81,1,6
3,2,Male,37,6,1.033333333,3,81,1,7
3,1,Male,37,6,1.033333333,3,81,1,8
3,3,Male,37,6,1.033333333,3,81,1,9
3,2,Male,37,6,1.033333333,3,81,1,10
3,2,Male,37,6,1.033333333,3,81,1,11
3,2,Male,37,6,1.033333333,3,81,1,12
3,1,Female,30,6,0.116666667,3,81,1,1
3,3,Female,30,6,0.116666667,3,81,1,2
3,1,Female,30,6,0.116666667,3,81,1,3
3,1,Female,30,6,0.116666667,3,81,0,4
3,2,Female,30,6,0.116666667,3,81,0,5
3,3,Female,30,6,0.116666667,3,81,1,6
3,2,Female,30,6,0.116666667,3,81,0,7
3,1,Female,30,6,0.116666667,3,81,1,8
3,3,Female,30,6,0.116666667,3,81,0,9
3,2,Female,30,6,0.116666667,3,81,1,10
3,2,Female,30,6,0.116666667,3,81,0,11
3,2,Female,30,6,0.116666667,3,81,0,12
3,1,Female,35,6,0.083333333,3,81,1,1
3,3,Female,35,6,0.083333333,3,81,0,2
3,1,Female,35,6,0.083333333,3,81,1,3
3,1,Female,35,6,0.083333333,3,81,1,4
3,2,Female,35,6,0.083333333,3,81,0,5
3,3,Female,35,6,0.083333333,3,81,1,6
3,2,Female,35,6,0.083333333,3,81,0,7
3,1,Female,35,6,0.083333333,3,81,1,8
3,3,Female,35,6,0.083333333,3,81,0,9
3,2,Female,35,6,0.083333333,3,81,0,10
3,2,Female,35,6,0.083333333,3,81,1,11
3,2,Female,35,6,0.083333333,3,81,1,12
3,1,Male,35,6,0.2,3,81,0,1
3,3,Male,35,6,0.2,3,81,0,2
3,1,Male,35,6,0.2,3,81,1,3
3,1,Male,35,6,0.2,3,81,0,4
3,2,Male,35,6,0.2,3,81,0,5
3,3,Male,35,6,0.2,3,81,1,6
3,2,Male,35,6,0.2,3,81,0,7
3,1,Male,35,6,0.2,3,81,1,8
3,3,Male,35,6,0.2,3,81,0,9
3,2,Male,35,6,0.2,3,81,0,10
3,2,Male,35,6,0.2,3,81,0,11
3,2,Male,35,6,0.2,3,81,0,12
3,1,Male,35,6,0.75,3,81,1,1
3,3,Male,35,6,0.75,3,81,1,2
3,1,Male,35,6,0.75,3,81,1,3
3,1,Male,35,6,0.75,3,81,1,4
3,2,Male,35,6,0.75,3,81,1,5
3,3,Male,35,6,0.75,3,81,1,6
3,2,Male,35,6,0.75,3,81,1,7
3,1,Male,35,6,0.75,3,81,1,8
3,3,Male,35,6,0.75,3,81,1,9
3,2,Male,35,6,0.75,3,81,1,10
3,2,Male,35,6,0.75,3,81,1,11
3,2,Male,35,6,0.75,3,81,0,12
3,1,Male,35,6,0.083333333,3,81,1,1
3,3,Male,35,6,0.083333333,3,81,0,2
3,1,Male,35,6,0.083333333,3,81,1,3
3,1,Male,35,6,0.083333333,3,81,1,4
3,2,Male,35,6,0.083333333,3,81,0,5
3,3,Male,35,6,0.083333333,3,81,1,6
3,2,Male,35,6,0.083333333,3,81,0,7
3,1,Male,35,6,0.083333333,3,81,1,8
3,3,Male,35,6,0.083333333,3,81,0,9
3,2,Male,35,6,0.083333333,3,81,0,10
3,2,Male,35,6,0.083333333,3,81,0,11
3,2,Male,35,6,0.083333333,3,81,0,12
3,1,Male,27,6,1.35,3,81,1,1
3,3,Male,27,6,1.35,3,81,0,2
3,1,Male,27,6,1.35,3,81,0,3
3,1,Male,27,6,1.35,3,81,1,4
3,2,Male,27,6,1.35,3,81,0,5
3,3,Male,27,6,1.35,3,81,0,6
3,2,Male,27,6,1.35,3,81,0,7
3,1,Male,27,6,1.35,3,81,1,8
3,3,Male,27,6,1.35,3,81,1,9
3,2,Male,27,6,1.35,3,81,0,10
3,2,Male,27,6,1.35,3,81,0,11
3,2,Male,27,6,1.35,3,81,0,12
3,1,Male,35,6,1.783333333,3,81,1,1
3,3,Male,35,6,1.783333333,3,81,1,2
3,1,Male,35,6,1.783333333,3,81,1,3
3,1,Male,35,6,1.783333333,3,81,1,4
3,2,Male,35,6,1.783333333,3,81,1,5
3,3,Male,35,6,1.783333333,3,81,1,6
3,2,Male,35,6,1.783333333,3,81,1,7
3,1,Male,35,6,1.783333333,3,81,1,8
3,3,Male,35,6,1.783333333,3,81,1,9
3,2,Male,35,6,1.783333333,3,81,1,10
3,2,Male,35,6,1.783333333,3,81,1,11
3,2,Male,35,6,1.783333333,3,81,1,12
3,1,Female,35,6,2.283333333,3,81,1,1
3,3,Female,35,6,2.283333333,3,81,0,2
3,1,Female,35,6,2.283333333,3,81,1,3
3,1,Female,35,6,2.283333333,3,81,0,4
3,2,Female,35,6,2.283333333,3,81,1,5
3,3,Female,35,6,2.283333333,3,81,1,6
3,2,Female,35,6,2.283333333,3,81,1,7
3,1,Female,35,6,2.283333333,3,81,1,8
3,3,Female,35,6,2.283333333,3,81,0,9
3,2,Female,35,6,2.283333333,3,81,0,10
3,2,Female,35,6,2.283333333,3,81,0,11
3,2,Female,35,6,2.283333333,3,81,0,12
3,1,Female,30,6,1.233333333,3,81,1,1
3,3,Female,30,6,1.233333333,3,81,1,2
3,1,Female,30,6,1.233333333,3,81,1,3
3,1,Female,30,6,1.233333333,3,81,1,4
3,2,Female,30,6,1.233333333,3,81,1,5
3,3,Female,30,6,1.233333333,3,81,1,6
3,2,Female,30,6,1.233333333,3,81,1,7
3,1,Female,30,6,1.233333333,3,81,1,8
3,3,Female,30,6,1.233333333,3,81,1,9
3,2,Female,30,6,1.233333333,3,81,1,10
3,2,Female,30,6,1.233333333,3,81,1,11
3,2,Female,30,6,1.233333333,3,81,0,12
3,1,Female,40,6,1.516666667,3,81,1,1
3,3,Female,40,6,1.516666667,3,81,1,2
3,1,Female,40,6,1.516666667,3,81,1,3
3,1,Female,40,6,1.516666667,3,81,1,4
3,2,Female,40,6,1.516666667,3,81,1,5
3,3,Female,40,6,1.516666667,3,81,1,6
3,2,Female,40,6,1.516666667,3,81,1,7
3,1,Female,40,6,1.516666667,3,81,1,8
3,3,Female,40,6,1.516666667,3,81,1,9
3,2,Female,40,6,1.516666667,3,81,1,10
3,2,Female,40,6,1.516666667,3,81,1,11
3,2,Female,40,6,1.516666667,3,81,1,12
3,1,Female,25,6,1.05,3,81,1,1
3,3,Female,25,6,1.05,3,81,1,2
3,1,Female,25,6,1.05,3,81,1,3
3,1,Female,25,6,1.05,3,81,1,4
3,2,Female,25,6,1.05,3,81,1,5
3,3,Female,25,6,1.05,3,81,1,6
3,2,Female,25,6,1.05,3,81,1,7
3,1,Female,25,6,1.05,3,81,1,8
3,3,Female,25,6,1.05,3,81,1,9
3,2,Female,25,6,1.05,3,81,1,10
3,2,Female,25,6,1.05,3,81,1,11
3,2,Female,25,6,1.05,3,81,0,12
3,1,Male,31,6,5.066666667,3,81,1,1
3,3,Male,31,6,5.066666667,3,81,1,2
3,1,Male,31,6,5.066666667,3,81,1,3
3,1,Male,31,6,5.066666667,3,81,1,4
3,2,Male,31,6,5.066666667,3,81,1,5
3,3,Male,31,6,5.066666667,3,81,0,6
3,2,Male,31,6,5.066666667,3,81,1,7
3,1,Male,31,6,5.066666667,3,81,1,8
3,3,Male,31,6,5.066666667,3,81,1,9
3,2,Male,31,6,5.066666667,3,81,1,10
3,2,Male,31,6,5.066666667,3,81,1,11
3,2,Male,31,6,5.066666667,3,81,1,12
3,1,Male,35,6,0.216666667,3,81,0,1
3,3,Male,35,6,0.216666667,3,81,0,2
3,1,Male,35,6,0.216666667,3,81,0,3
3,1,Male,35,6,0.216666667,3,81,1,4
3,2,Male,35,6,0.216666667,3,81,1,5
3,3,Male,35,6,0.216666667,3,81,1,6
3,2,Male,35,6,0.216666667,3,81,1,7
3,1,Male,35,6,0.216666667,3,81,1,8
3,3,Male,35,6,0.216666667,3,81,0,9
3,2,Male,35,6,0.216666667,3,81,1,10
3,2,Male,35,6,0.216666667,3,81,0,11
3,2,Male,35,6,0.216666667,3,81,1,12
3,1,Female,61,6,1.983333333,3,81,1,1
3,3,Female,61,6,1.983333333,3,81,1,2
3,1,Female,61,6,1.983333333,3,81,1,3
3,1,Female,61,6,1.983333333,3,81,1,4
3,2,Female,61,6,1.983333333,3,81,1,5
3,3,Female,61,6,1.983333333,3,81,1,6
3,2,Female,61,6,1.983333333,3,81,1,7
3,1,Female,61,6,1.983333333,3,81,1,8
3,3,Female,61,6,1.983333333,3,81,1,9
3,2,Female,61,6,1.983333333,3,81,1,10
3,2,Female,61,6,1.983333333,3,81,1,11
3,2,Female,61,6,1.983333333,3,81,1,12
3,1,Female,35,6,0.416666667,3,81,1,1
3,3,Female,35,6,0.416666667,3,81,1,2
3,1,Female,35,6,0.416666667,3,81,1,3
3,1,Female,35,6,0.416666667,3,81,1,4
3,2,Female,35,6,0.416666667,3,81,1,5
3,3,Female,35,6,0.416666667,3,81,1,6
3,2,Female,35,6,0.416666667,3,81,1,7
3,1,Female,35,6,0.416666667,3,81,1,8
3,3,Female,35,6,0.416666667,3,81,1,9
3,2,Female,35,6,0.416666667,3,81,1,10
3,2,Female,35,6,0.416666667,3,81,0,11
3,2,Female,35,6,0.416666667,3,81,0,12
3,1,Male,46,6,1.366666667,3,81,1,1
3,3,Male,46,6,1.366666667,3,81,1,2
3,1,Male,46,6,1.366666667,3,81,1,3
3,1,Male,46,6,1.366666667,3,81,1,4
3,2,Male,46,6,1.366666667,3,81,1,5
3,3,Male,46,6,1.366666667,3,81,1,6
3,2,Male,46,6,1.366666667,3,81,1,7
3,1,Male,46,6,1.366666667,3,81,1,8
3,3,Male,46,6,1.366666667,3,81,1,9
3,2,Male,46,6,1.366666667,3,81,1,10
3,2,Male,46,6,1.366666667,3,81,1,11
3,2,Male,46,6,1.366666667,3,81,1,12
3,1,Female,30,6,1.083333333,3,81,1,1
3,3,Female,30,6,1.083333333,3,81,1,2
3,1,Female,30,6,1.083333333,3,81,1,3
3,1,Female,30,6,1.083333333,3,81,1,4
3,2,Female,30,6,1.083333333,3,81,1,5
3,3,Female,30,6,1.083333333,3,81,0,6
3,2,Female,30,6,1.083333333,3,81,1,7
3,1,Female,30,6,1.083333333,3,81,1,8
3,3,Female,30,6,1.083333333,3,81,1,9
3,2,Female,30,6,1.083333333,3,81,1,10
3,2,Female,30,6,1.083333333,3,81,1,11
3,2,Female,30,6,1.083333333,3,81,1,12
3,1,Female,,6,2.866666667,3,81,1,1
3,3,Female,,6,2.866666667,3,81,1,2
3,1,Female,,6,2.866666667,3,81,1,3
3,1,Female,,6,2.866666667,3,81,1,4
3,2,Female,,6,2.866666667,3,81,1,5
3,3,Female,,6,2.866666667,3,81,1,6
3,2,Female,,6,2.866666667,3,81,1,7
3,1,Female,,6,2.866666667,3,81,1,8
3,3,Female,,6,2.866666667,3,81,1,9
3,2,Female,,6,2.866666667,3,81,1,10
3,2,Female,,6,2.866666667,3,81,1,11
3,2,Female,,6,2.866666667,3,81,1,12
3,1,Female,36,6,3.316666667,3,81,0,1
3,3,Female,36,6,3.316666667,3,81,0,2
3,1,Female,36,6,3.316666667,3,81,0,3
3,1,Female,36,6,3.316666667,3,81,0,4
3,2,Female,36,6,3.316666667,3,81,0,5
3,3,Female,36,6,3.316666667,3,81,1,6
3,2,Female,36,6,3.316666667,3,81,1,7
3,1,Female,36,6,3.316666667,3,81,1,8
3,3,Female,36,6,3.316666667,3,81,0,9
3,2,Female,36,6,3.316666667,3,81,0,10
3,2,Female,36,6,3.316666667,3,81,0,11
3,2,Female,36,6,3.316666667,3,81,0,12
3,1,Male,58,6,1.016666667,3,81,1,1
3,3,Male,58,6,1.016666667,3,81,0,2
3,1,Male,58,6,1.016666667,3,81,1,3
3,1,Male,58,6,1.016666667,3,81,1,4
3,2,Male,58,6,1.016666667,3,81,1,5
3,3,Male,58,6,1.016666667,3,81,1,6
3,2,Male,58,6,1.016666667,3,81,1,7
3,1,Male,58,6,1.016666667,3,81,1,8
3,3,Male,58,6,1.016666667,3,81,1,9
3,2,Male,58,6,1.016666667,3,81,1,10
3,2,Male,58,6,1.016666667,3,81,1,11
3,2,Male,58,6,1.016666667,3,81,1,12
3,1,Male,39,6,0.316666667,3,81,1,1
3,3,Male,39,6,0.316666667,3,81,0,2
3,1,Male,39,6,0.316666667,3,81,0,3
3,1,Male,39,6,0.316666667,3,81,1,4
3,2,Male,39,6,0.316666667,3,81,1,5
3,3,Male,39,6,0.316666667,3,81,0,6
3,2,Male,39,6,0.316666667,3,81,0,7
3,1,Male,39,6,0.316666667,3,81,0,8
3,3,Male,39,6,0.316666667,3,81,0,9
3,2,Male,39,6,0.316666667,3,81,1,10
3,2,Male,39,6,0.316666667,3,81,0,11
3,2,Male,39,6,0.316666667,3,81,1,12
3,1,Male,59,6,0.266666667,3,81,0,1
3,3,Male,59,6,0.266666667,3,81,1,2
3,1,Male,59,6,0.266666667,3,81,0,3
3,1,Male,59,6,0.266666667,3,81,0,4
3,2,Male,59,6,0.266666667,3,81,1,5
3,3,Male,59,6,0.266666667,3,81,0,6
3,2,Male,59,6,0.266666667,3,81,1,7
3,1,Male,59,6,0.266666667,3,81,0,8
3,3,Male,59,6,0.266666667,3,81,1,9
3,2,Male,59,6,0.266666667,3,81,1,10
3,2,Male,59,6,0.266666667,3,81,1,11
3,2,Male,59,6,0.266666667,3,81,1,12
